0,label
"[2.33435530e-01 2.25099852e-01 1.46416821e-01 ... 1.88683984e+02
 1.94204808e+02 2.00942356e+02]",0
"[  0.           0.           0.         ... 195.13562011 202.86773585
 187.85344272]",0
"[2.17000383e-01 1.50016760e-01 8.82313842e-02 ... 1.94346106e+02
 1.95249614e+02 1.74104417e+02]",0
"[  0.           0.           0.         ... 182.4450755  171.145467
 199.75527947]",0
"[2.33218619e-01 5.99284213e-02 1.10056400e-01 ... 1.77293705e+02
 1.96055011e+02 1.96043486e+02]",0
"[1.70361994e-01 1.09912622e-01 2.42897244e-01 ... 1.84260364e+02
 1.94668565e+02 1.98812819e+02]",0
"[2.53100816e-01 4.70277290e-02 2.27131797e-01 ... 2.06883634e+02
 2.01945185e+02 1.79011151e+02]",0
"[2.44205470e-01 9.65288504e-02 9.06740600e-02 ... 1.89792991e+02
 1.97556217e+02 1.97016938e+02]",0
"[  0.           0.           0.         ... 198.02394561 192.9172436
 185.58561573]",0
"[2.19783499e-01 1.01579667e-01 7.57468210e-02 ... 1.94540674e+02
 1.88407096e+02 1.82762163e+02]",0
"[1.60558601e-01 1.12291561e-01 9.35127985e-02 ... 1.74430333e+02
 1.89414193e+02 2.06139708e+02]",0
"[1.61053777e-01 9.72168091e-02 8.30788812e-02 ... 1.91648149e+02
 2.01278021e+02 1.89203880e+02]",0
"[1.65401412e-01 1.85856274e-01 9.91019761e-02 ... 1.95545725e+02
 1.81559767e+02 1.97265597e+02]",0
"[1.58355062e-01 1.61512034e-01 1.68002581e-01 ... 1.87922298e+02
 1.73200307e+02 1.98107968e+02]",0
"[2.73399749e-01 7.78184285e-02 1.39096731e-01 ... 1.86849243e+02
 1.70080302e+02 1.55231411e+02]",0
"[1.53579991e-01 6.73630359e-02 7.28110645e-02 ... 1.68329999e+02
 1.79919936e+02 2.00414840e+02]",0
"[  0.           0.           0.         ... 166.14000789 172.05047193
 187.75847727]",0
"[  0.           0.           0.         ... 193.6556728  167.77887759
 178.62679366]",0
"[  0.22887108   0.21699168   0.21128865 ... 196.9872736  194.25593098
 191.73659841]",0
"[3.90254510e-01 1.04353150e-01 2.59677827e-02 ... 1.82025957e+02
 1.93983339e+02 1.91600064e+02]",0
"[1.41719030e-01 0.00000000e+00 6.57644244e-02 ... 2.00868133e+02
 1.98177100e+02 1.92003825e+02]",0
"[2.23409287e-01 2.23409287e-01 7.23460799e-02 ... 2.06578824e+02
 1.99543474e+02 1.96808924e+02]",0
"[2.23830724e-01 2.23830724e-01 9.90232026e-02 ... 1.90598900e+02
 2.02180931e+02 1.73117077e+02]",0
"[2.23735977e-01 1.74653698e-01 1.65342501e-01 ... 2.04188999e+02
 1.74967939e+02 1.77991943e+02]",0
"[1.58775493e-01 1.97834328e-01 1.74995860e-01 ... 1.99929154e+02
 1.91774785e+02 2.02400481e+02]",0
"[2.29514363e-01 3.25847101e-02 1.74135827e-01 ... 1.99773599e+02
 1.94277669e+02 2.06507827e+02]",0
"[  0.           0.           0.         ... 191.03887425 181.50353307
 185.53589178]",0
"[  0.           0.           0.         ... 170.97088027 188.92755947
 193.85309467]",0
"[2.22820547e-01 9.00455369e-02 1.13520256e-01 ... 1.81562333e+02
 2.01928724e+02 1.64722087e+02]",0
"[2.32366697e-01 7.13502115e-02 1.95387220e-01 ... 1.90301851e+02
 1.74034199e+02 1.91589669e+02]",0
"[2.68944017e-01 3.40000116e-02 1.75377074e-01 ... 1.92197217e+02
 1.67575379e+02 1.94906270e+02]",0
"[2.07620861e-01 1.33943346e-01 7.69469632e-02 ... 1.94933031e+02
 1.88584371e+02 1.76703204e+02]",0
"[1.67076449e-01 1.35370183e-01 2.20678371e-01 ... 1.89879007e+02
 1.87071479e+02 1.94452827e+02]",0
"[1.42142181e-01 2.20927167e-01 1.76684083e-01 ... 2.01563278e+02
 1.57039471e+02 1.93994611e+02]",0
"[  0.26955683   0.26955683   0.26955683 ... 200.02613212 169.74188168
 190.84557781]",0
"[  0.           0.           0.         ... 180.64651669 184.53921235
 199.80379571]",0
"[2.23523500e-01 9.82880227e-02 1.98447414e-01 ... 1.92159590e+02
 1.71668521e+02 1.94683952e+02]",0
"[2.21496994e-01 9.27743573e-02 2.83733090e-02 ... 1.92800268e+02
 2.05152338e+02 2.04095052e+02]",0
"[1.73838701e-01 2.21738282e-01 1.35320613e-01 ... 1.88246357e+02
 1.62924344e+02 2.03602101e+02]",0
"[  0.41041505   0.           0.         ... 192.70561217 182.62097392
 182.2059491 ]",0
"[2.21886191e-01 1.64154038e-01 1.69967304e-01 ... 1.98007002e+02
 2.01260141e+02 1.78718370e+02]",0
"[2.16268672e-01 5.01633443e-02 2.17471890e-01 ... 1.80258630e+02
 1.93177216e+02 1.94397784e+02]",0
"[2.15182380e-01 1.60889611e-01 2.15182380e-01 ... 1.96053923e+02
 1.93485359e+02 1.73013679e+02]",0
"[2.36446738e-01 8.91808098e-02 1.24885145e-01 ... 1.94628242e+02
 1.89439016e+02 2.03019519e+02]",0
"[2.53085764e-01 8.23813088e-02 1.09807053e-01 ... 1.95815776e+02
 2.03050883e+02 2.01896823e+02]",0
"[2.34028496e-01 1.36535501e-01 1.57008758e-01 ... 1.64119558e+02
 1.90295046e+02 2.05532997e+02]",0
"[1.66781048e-01 1.26093561e-01 2.03239919e-01 ... 1.96612189e+02
 1.46189118e+02 1.94340983e+02]",0
"[  0.           0.           0.         ... 179.49064628 193.14672369
 181.26497856]",0
"[2.21644833e-01 2.99238200e-02 1.65540252e-01 ... 1.89153788e+02
 1.86343186e+02 2.01243958e+02]",0
"[1.97172365e-01 1.94298033e-01 7.84765775e-02 ... 1.95851090e+02
 1.91067210e+02 1.89747233e+02]",0
"[6.62081987e-02 8.86406643e-02 1.40720104e-01 ... 1.81290336e+02
 1.94192207e+02 1.95503204e+02]",0
"[2.23117156e-01 4.64619460e-02 1.06056164e-01 ... 1.78274756e+02
 1.62291447e+02 1.95542630e+02]",0
"[2.22188852e-01 3.95713873e-02 2.16006727e-01 ... 2.02904647e+02
 1.95381754e+02 1.59890532e+02]",0
"[2.26463411e-01 1.94513775e-01 1.49897563e-01 ... 1.94932080e+02
 2.04368254e+02 1.85881788e+02]",0
"[2.24181961e-01 1.03457552e-01 8.04094546e-02 ... 1.82859792e+02
 2.07216643e+02 1.62124383e+02]",0
"[2.18756647e-01 1.53593841e-01 2.18756647e-01 ... 2.00952883e+02
 1.83580869e+02 1.87668600e+02]",0
"[1.82884314e-01 1.40780625e-01 1.35467656e-01 ... 2.09169836e+02
 2.01321708e+02 1.78603209e+02]",0
"[2.19516947e-01 2.16852979e-01 1.91055434e-01 ... 2.09933326e+02
 1.84892656e+02 2.00325957e+02]",0
"[  0.           0.           0.         ... 192.50848201 199.04562558
 184.33039494]",0
"[  0.           0.           0.         ... 178.28561574 193.31697382
 198.53220472]",0
"[2.50853348e-01 0.00000000e+00 1.30087814e-02 ... 1.85314349e+02
 1.76936973e+02 1.98441287e+02]",0
"[  0.           0.           0.         ... 180.99386667 189.31217821
 196.83163083]",0
"[2.25522122e-01 1.45967369e-01 1.54624019e-01 ... 2.03743090e+02
 2.00668196e+02 1.73699954e+02]",0
"[1.29475760e-01 1.90596297e-01 1.26190092e-01 ... 1.80300708e+02
 1.98173411e+02 1.96737983e+02]",0
"[3.36498759e-02 0.00000000e+00 2.28138703e-02 ... 1.89064630e+02
 1.92962218e+02 1.75341497e+02]",0
"[2.06862005e-01 7.88199615e-02 2.18491501e-01 ... 1.86087591e+02
 1.83764045e+02 1.84187728e+02]",0
"[2.21814695e-01 7.78699852e-02 4.11642074e-02 ... 1.97419752e+02
 2.01615258e+02 2.07048606e+02]",0
"[  0.           0.           0.         ... 158.03986991 190.57820436
 195.34712862]",0
"[2.26553701e-01 1.29996232e-01 2.26553701e-01 ... 1.65044395e+02
 2.00833731e+02 1.98736956e+02]",0
"[4.55154746e-01 8.65023764e-02 9.85715024e-02 ... 1.81575131e+02
 1.83063165e+02 1.81138010e+02]",0
"[  0.           0.           0.         ... 192.1207729  172.58082356
 163.62061134]",0
"[  0.29944401   0.           0.         ... 172.49097852 170.62697171
 175.38102828]",0
"[2.19513628e-01 5.47972665e-02 9.91941230e-02 ... 1.78277227e+02
 1.92268951e+02 1.94033725e+02]",0
"[2.17838463e-01 1.48333405e-01 2.17838463e-01 ... 1.95862925e+02
 1.90089075e+02 1.79134375e+02]",0
"[  0.41346032   0.           0.         ... 198.72404241 188.20165985
 193.71090647]",0
"[  0.           0.           0.         ... 193.84845181 192.62981551
 194.97647598]",0
"[2.72336692e-01 1.47167233e-01 0.00000000e+00 ... 1.85705734e+02
 2.01252551e+02 1.90574539e+02]",0
"[2.23027727e-01 4.38836484e-02 6.15970616e-02 ... 1.93778190e+02
 1.98246309e+02 1.74746643e+02]",0
"[3.04241160e-01 9.55373392e-02 1.36382365e-01 ... 2.01825740e+02
 1.85559582e+02 1.97585886e+02]",0
"[1.50336808e-01 8.26402148e-02 1.86998225e-01 ... 1.86350422e+02
 1.74426643e+02 1.91252973e+02]",0
"[  0.5          0.           0.         ... 190.68280362 181.91296523
 209.4607525 ]",0
"[  0.           0.           0.         ... 200.43045995 179.55360474
 169.67708004]",0
"[3.45200727e-01 0.00000000e+00 8.96558642e-02 ... 1.86919211e+02
 2.02161950e+02 2.00063131e+02]",0
"[  0.           0.           0.         ... 194.43929162 191.37538521
 199.59140659]",0
"[  0.           0.           0.         ... 192.62191409 203.27734491
 204.94305401]",0
"[  0.5          0.           0.         ... 193.25415246 175.32127609
 193.47848271]",0
"[2.11333467e-01 8.01436393e-02 1.90843530e-01 ... 1.78736956e+02
 1.92856441e+02 1.69430091e+02]",0
"[2.30948414e-01 2.30948414e-01 6.17498299e-02 ... 1.88749969e+02
 1.91997345e+02 2.03328174e+02]",0
"[2.58414451e-01 0.00000000e+00 9.92402581e-02 ... 1.78438705e+02
 1.74079674e+02 2.01015506e+02]",0
"[2.48367174e-01 1.60894759e-01 1.19203520e-01 ... 1.91390242e+02
 1.95819881e+02 2.02598428e+02]",0
"[3.05188005e-01 1.22383973e-01 2.79667821e-01 ... 1.50623766e+02
 1.74263316e+02 1.81041297e+02]",0
"[2.74607528e-01 0.00000000e+00 2.08147169e-02 ... 1.76574939e+02
 1.61129916e+02 1.85175369e+02]",0
"[  0.5          0.           0.         ... 182.48411939 186.94472208
 177.23171909]",0
"[  0.42780896   0.           0.         ... 187.93766961 199.72601521
 184.1964936 ]",0
"[2.50368212e-01 8.40457247e-02 1.93940759e-01 ... 1.81094378e+02
 2.10719274e+02 1.88139297e+02]",0
"[2.38921731e-01 3.88365396e-02 0.00000000e+00 ... 2.07475165e+02
 1.82622719e+02 1.84123406e+02]",0
"[  0.           0.           0.         ... 199.57395402 207.22492863
 185.00853328]",0
"[1.21656262e-01 1.54155557e-01 1.71506431e-01 ... 1.94458767e+02
 1.84972881e+02 1.92394127e+02]",0
"[  0.39270627   0.           0.30089784 ... 183.19066811 198.63288947
 203.23067578]",0
"[2.15112932e-01 1.36740837e-01 1.36052493e-01 ... 1.85544373e+02
 2.00906505e+02 1.92193380e+02]",0
"[2.24004397e-01 1.18886416e-01 2.24004397e-01 ... 1.95099093e+02
 1.68964118e+02 1.93267676e+02]",0
"[2.54279733e-01 2.49644525e-01 1.42593753e-01 ... 1.63854612e+02
 1.58671971e+02 1.61161696e+02]",1
"[3.64244305e-01 7.28314801e-02 2.02544383e-01 ... 1.65814691e+02
 1.99177463e+02 1.75857111e+02]",1
"[6.30160463e-02 1.29627675e-01 1.55625815e-01 ... 1.98060695e+02
 1.91860196e+02 1.90202670e+02]",1
"[2.12300525e-01 7.58281652e-02 1.23576410e-01 ... 1.89290142e+02
 2.04865179e+02 1.88701048e+02]",1
"[2.21529568e-01 2.21529568e-01 1.90217028e-01 ... 1.80524413e+02
 1.96117785e+02 1.98394145e+02]",1
"[1.82481556e-01 1.06738952e-01 1.60112371e-01 ... 1.67975223e+02
 1.76787006e+02 1.66425714e+02]",1
"[  0.           0.           0.         ... 189.36320912 186.53773773
 198.85909386]",1
"[2.09906704e-01 1.68627335e-02 9.66527955e-02 ... 1.90550801e+02
 1.85019269e+02 1.87477006e+02]",1
"[  0.36648415   0.           0.         ... 201.75411144 198.6006689
 202.20140233]",1
"[2.38594104e-01 1.54418289e-01 2.12610051e-01 ... 1.88852655e+02
 1.90090938e+02 1.96060399e+02]",1
"[2.28138386e-01 2.23796263e-01 2.61815480e-02 ... 2.00162730e+02
 2.04905458e+02 1.89817396e+02]",1
"[1.89921436e-01 1.34427862e-01 2.16967272e-01 ... 1.93450398e+02
 1.96174036e+02 1.80528472e+02]",1
"[2.33226870e-01 1.23432195e-01 1.21599547e-01 ... 1.73174302e+02
 1.99887049e+02 1.85723995e+02]",1
"[  0.           0.           0.         ... 192.06404814 180.31883858
 193.98487827]",1
"[  0.33281964   0.29544384   0.27176579 ... 192.554529   192.61597122
 189.34214194]",1
"[2.26327086e-01 2.03453506e-01 1.76988095e-01 ... 1.94285243e+02
 1.90679558e+02 1.85261996e+02]",1
"[2.76141194e-01 2.32849214e-01 1.61310144e-01 ... 1.84551619e+02
 1.82203231e+02 1.85701873e+02]",1
"[  0.           0.           0.         ... 187.55635276 187.58916103
 159.75546484]",1
"[2.53651666e-01 1.36844341e-01 4.94923280e-02 ... 1.94269115e+02
 1.84904245e+02 1.95905772e+02]",1
"[1.63778514e-01 2.11244442e-01 2.11244442e-01 ... 1.85224647e+02
 1.84570663e+02 1.76853780e+02]",1
"[2.33634950e-01 1.26853317e-01 4.21109442e-02 ... 2.03847993e+02
 1.95564568e+02 2.01169549e+02]",1
"[  0.           0.           0.         ... 182.96849891 171.69504917
 178.88649587]",1
"[  0.           0.           0.         ... 172.48940873 187.68210409
 200.34648571]",1
"[  0.           0.           0.         ... 188.79258896 194.10134754
 182.06767595]",1
"[  0.           0.           0.         ... 200.18411208 168.96331592
 189.90213782]",1
"[  0.           0.           0.         ... 171.73819892 183.5879171
 178.2245664 ]",1
"[1.27723887e-01 1.06423602e-01 1.67435869e-01 ... 1.95077995e+02
 2.02892191e+02 1.51175243e+02]",1
"[2.12816501e-01 1.55224537e-01 1.85518498e-01 ... 1.93959915e+02
 1.87937648e+02 1.88700975e+02]",1
"[  0.           0.           0.         ... 172.6646232  184.34453809
 183.51021672]",1
"[1.60496602e-01 1.44502054e-01 1.27681698e-01 ... 2.09440527e+02
 1.97392172e+02 1.75594310e+02]",1
"[1.37380772e-01 1.07855364e-01 1.34408802e-01 ... 1.91454962e+02
 1.92295217e+02 1.92715341e+02]",1
"[2.22558541e-01 1.74501983e-01 1.15482600e-01 ... 1.97738435e+02
 2.01889683e+02 1.87334048e+02]",1
"[2.08446647e-01 8.07034257e-02 1.15272186e-01 ... 1.88811563e+02
 1.17143364e+02 1.76160340e+02]",1
"[  0.           0.           0.         ... 178.4067654  175.70665052
 181.86476301]",1
"[  0.           0.           0.         ... 179.59867047 170.17641414
 154.65387764]",1
"[  0.           0.           0.         ... 167.78874317 170.72377275
 161.46335282]",1
"[2.42763234e-01 1.02953420e-01 6.39361007e-02 ... 1.76497477e+02
 1.51698451e+02 1.90597291e+02]",1
"[1.99379093e-02 0.00000000e+00 0.00000000e+00 ... 1.87532762e+02
 1.97694567e+02 1.64108331e+02]",1
"[  0.5614264    0.           0.         ... 173.04090121 198.58220722
 198.73778016]",1
"[  0.           0.           0.         ... 191.7634977  203.48055613
 191.10602949]",1
"[2.15720891e-01 1.30859394e-01 6.92005198e-02 ... 1.82721612e+02
 1.76270982e+02 1.83720132e+02]",1
"[3.61454339e-01 0.00000000e+00 1.89089534e-01 ... 1.07898448e+02
 1.88617138e+02 1.95336410e+02]",1
"[2.25473512e-01 9.89484221e-02 2.25473512e-01 ... 1.69324262e+02
 1.80735933e+02 1.97640709e+02]",1
"[  0.5          0.           0.         ... 182.97798594 190.61937298
 173.93348775]",1
"[2.32713042e-01 5.82287274e-02 2.15685868e-01 ... 1.90763722e+02
 1.89674172e+02 1.75789195e+02]",1
"[  0.           0.           0.         ... 179.95037771 200.84561325
 186.17700863]",1
"[2.26314133e-01 1.33605594e-01 1.67991029e-01 ... 1.85216059e+02
 1.95519715e+02 2.02696866e+02]",1
"[2.20192069e-01 1.62746272e-01 2.20192069e-01 ... 1.91855089e+02
 1.91996197e+02 1.83421432e+02]",1
"[  0.           0.           0.         ... 194.40541125 168.04928701
 193.7788664 ]",1
"[1.54758716e-02 0.00000000e+00 0.00000000e+00 ... 1.57387637e+02
 1.83724610e+02 1.97601374e+02]",1
"[  0.           0.           0.         ... 192.07245534 193.49837825
 201.84200383]",1
"[2.36343541e-01 2.35591993e-01 1.49463453e-01 ... 1.97004640e+02
 2.06287380e+02 1.63449769e+02]",1
"[3.10666229e-01 4.61273232e-02 5.36104927e-02 ... 1.82996504e+02
 1.84927605e+02 1.74403936e+02]",1
"[  0.           0.           0.         ... 185.88742952 195.94551319
 190.40840575]",1
"[2.38206520e-01 7.34780566e-02 8.79577089e-02 ... 1.85459115e+02
 1.79301170e+02 1.96287627e+02]",1
"[2.17122947e-01 1.77501199e-01 5.06814350e-02 ... 1.53341292e+02
 1.80857659e+02 1.86929371e+02]",1
"[  0.           0.           0.         ... 189.21399929 147.39104361
 196.36832152]",1
"[  0.           0.           0.         ... 191.34357226 192.16383074
 181.38678471]",1
"[2.22986426e-01 1.93475522e-01 1.59827516e-01 ... 1.53747877e+02
 1.95642738e+02 2.02645826e+02]",1
"[  0.           0.           0.         ... 202.41042509 166.6895552
 165.22249395]",1
"[  0.           0.           0.         ... 173.64194913 181.41551188
 181.86057807]",1
"[  0.           0.           0.         ... 178.97969861 192.16251447
 200.17867109]",1
"[1.78540405e-01 4.50492677e-02 1.30589815e-01 ... 1.70893637e+02
 1.69987264e+02 2.02527161e+02]",1
"[4.93454765e-01 3.02438379e-02 4.08691085e-02 ... 1.73853988e+02
 1.80301383e+02 1.94763427e+02]",1
"[2.74476913e-01 5.48076849e-02 1.84844902e-01 ... 2.00985622e+02
 1.91341383e+02 1.83549876e+02]",1
"[2.23126136e-01 1.45251535e-01 5.22038839e-02 ... 1.78761902e+02
 1.91847831e+02 1.70083160e+02]",1
"[5.11064036e-02 5.03903228e-03 0.00000000e+00 ... 1.99116205e+02
 1.82367846e+02 1.68521885e+02]",1
"[2.21385566e-01 1.35567791e-01 1.42091579e-01 ... 1.92650974e+02
 1.79022076e+02 2.03244417e+02]",1
"[2.57821310e-01 1.28849660e-01 1.43891566e-01 ... 1.88707284e+02
 1.80863135e+02 1.94980271e+02]",1
"[4.02523567e-01 9.16553750e-02 3.86433640e-01 ... 1.62736210e+02
 1.84503438e+02 1.87973138e+02]",1
"[2.24134329e-01 3.99453855e-02 1.41678564e-01 ... 1.83516052e+02
 2.08231185e+02 2.08759315e+02]",1
"[3.28156634e-01 6.35478786e-02 3.82230823e-02 ... 1.97196394e+02
 1.60360031e+02 1.93292528e+02]",1
"[  0.           0.           0.         ... 176.98698132 199.02552525
 191.93349182]",1
"[  0.54073553   0.           0.         ... 182.3824821  194.73977871
 192.76990046]",1
"[2.18855308e-01 2.18855308e-01 1.54077578e-01 ... 1.71729264e+02
 1.88139316e+02 1.99994272e+02]",2
"[2.85100616e-01 1.18658062e-01 2.55824726e-02 ... 2.02155300e+02
 1.88332982e+02 1.61246699e+02]",2
"[  0.           0.           0.         ... 175.67377653 191.92736536
 182.51477517]",2
"[1.87247805e-01 1.81532269e-01 1.40248202e-01 ... 2.00953841e+02
 1.94648939e+02 1.89970362e+02]",2
"[  0.           0.           0.         ... 172.95814449 180.43182548
 185.9827413 ]",2
"[  0.           0.           0.         ... 178.16363946 179.18914984
 200.11806868]",2
"[2.25864514e-01 5.09246714e-02 1.60182505e-01 ... 1.92897903e+02
 1.98288953e+02 1.76420595e+02]",2
"[2.82541517e-01 1.92906690e-01 1.88026210e-01 ... 1.77660067e+02
 1.69981336e+02 1.93024811e+02]",2
"[  0.           0.           0.         ... 183.17113803 193.24628053
 182.31630088]",2
"[1.16413005e-01 7.91817767e-02 6.27141143e-02 ... 2.01572277e+02
 2.02046889e+02 1.74986038e+02]",2
"[1.35936340e-01 1.75997892e-01 5.15884703e-02 ... 1.84858460e+02
 1.59674392e+02 1.93901619e+02]",2
"[2.05307229e-01 1.60324132e-01 8.64772300e-02 ... 2.01973296e+02
 1.92356142e+02 1.99807876e+02]",2
"[2.18178490e-01 1.11533860e-01 2.18178490e-01 ... 1.82632613e+02
 1.86763914e+02 1.90231860e+02]",2
"[1.14745832e-01 1.50231702e-01 5.91319871e-02 ... 1.99563137e+02
 1.72534711e+02 1.70607283e+02]",2
"[2.51689442e-01 1.10064034e-01 7.99145141e-02 ... 1.95067972e+02
 1.89933342e+02 1.93838474e+02]",2
"[2.18149044e-01 9.34143549e-02 9.14074905e-02 ... 2.08373059e+02
 2.00884972e+02 1.90681286e+02]",2
"[2.18149044e-01 9.34143549e-02 9.14074905e-02 ... 2.08373059e+02
 2.00884972e+02 1.90681286e+02]",2
"[2.32915875e-01 2.01882920e-01 2.07358876e-01 ... 2.01175279e+02
 1.77614070e+02 2.04750687e+02]",2
"[2.16763133e-01 1.36441616e-01 1.29432860e-01 ... 1.63522810e+02
 1.81537022e+02 1.84487861e+02]",2
"[  0.           0.           0.         ... 186.83467162 185.32758839
 197.00878321]",2
"[2.27654579e-01 2.27654579e-01 1.88383045e-01 ... 1.92998103e+02
 1.53693602e+02 2.02233429e+02]",2
"[  0.           0.           0.         ... 181.62837944 179.35799118
 193.35107847]",2
"[  0.25358592   0.19848172   0.         ... 194.28167316 191.68628061
 157.36686151]",2
"[2.42277965e-01 5.06876372e-02 9.32214637e-02 ... 2.03742169e+02
 1.98108156e+02 1.81695359e+02]",2
"[  0.64898485   0.           0.         ... 186.5516557  198.57033658
 191.4406695 ]",2
"[2.02366008e-01 7.05126570e-02 2.27438848e-01 ... 1.94587821e+02
 1.75443980e+02 2.06139967e+02]",2
"[  0.24747287   0.21182408   0.24747287 ... 203.72621809 191.38076409
 203.73954377]",2
"[  0.22219085   0.24207992   0.24207992 ... 199.40819926 184.54807952
 179.13010443]",2
"[  0.           0.           0.         ... 181.93572112 194.3161851
 204.55627437]",2
"[  0.           0.           0.         ... 171.97857669 167.83849087
 185.97622125]",2
"[2.84882537e-01 7.59114459e-02 1.59658848e-01 ... 1.73658482e+02
 1.99675501e+02 2.01615040e+02]",2
"[2.34583248e-01 1.72398468e-01 9.06485131e-02 ... 1.82040234e+02
 2.10559072e+02 1.77185227e+02]",2
"[0.00000000e+00 1.94487371e-02 0.00000000e+00 ... 1.94313891e+02
 2.08897854e+02 1.76645126e+02]",2
"[  0.           0.           0.         ... 174.46609684 181.44362086
 176.91144373]",2
"[2.14441151e-01 4.84403506e-02 2.26740547e-01 ... 1.94048013e+02
 1.71099690e+02 1.97581576e+02]",2
"[2.39818441e-01 1.48521148e-01 1.02929985e-01 ... 2.06166707e+02
 1.94816639e+02 1.86641591e+02]",2
"[2.03494543e-01 2.23096086e-01 8.32553790e-02 ... 1.78576247e+02
 1.81143707e+02 1.79800928e+02]",2
"[  0.           0.           0.         ... 200.22732534 169.08078379
 187.32402773]",2
"[2.15798706e-01 1.64572223e-01 1.61914982e-01 ... 2.09938335e+02
 1.91431008e+02 2.00997706e+02]",2
"[1.15774462e-01 1.07474491e-01 1.75387440e-01 ... 1.88301604e+02
 2.12605824e+02 2.00342064e+02]",2
"[2.14702547e-01 0.00000000e+00 6.95401424e-02 ... 1.86253746e+02
 1.88488943e+02 1.86996195e+02]",2
"[2.25939877e-01 1.07147586e-01 1.64939456e-02 ... 2.01359876e+02
 1.95581965e+02 1.88327424e+02]",2
"[2.16631322e-01 6.41139643e-02 9.05126058e-02 ... 2.00065938e+02
 2.02999479e+02 1.98899855e+02]",2
"[2.72259683e-01 5.78990588e-02 1.44638848e-01 ... 2.02738526e+02
 1.69672373e+02 1.90121294e+02]",2
"[2.27640769e-01 2.20164572e-01 1.54908597e-01 ... 2.00416102e+02
 1.71465729e+02 1.92662849e+02]",2
"[7.82807873e-02 1.25693105e-01 9.77311278e-02 ... 2.02780006e+02
 1.90933561e+02 1.84821281e+02]",2
"[2.16456564e-01 1.07840634e-01 1.12135477e-01 ... 1.75951762e+02
 1.95908297e+02 1.83437306e+02]",2
"[  0.70710678   0.           0.         ... 190.06154749 194.31418291
 170.93546613]",2
"[1.83992770e-01 1.20875476e-01 5.54408319e-02 ... 2.03449853e+02
 2.07738158e+02 1.96358298e+02]",2
"[2.44495591e-01 1.37665392e-01 2.44495591e-01 ... 1.88387784e+02
 1.93658408e+02 1.82466887e+02]",2
"[2.23865412e-01 1.59132812e-01 2.26164843e-01 ... 1.75546749e+02
 1.91573341e+02 2.00095009e+02]",2
"[1.84376401e-01 2.15841874e-01 2.15841874e-01 ... 1.51165137e+02
 1.73610762e+02 2.03841902e+02]",2
"[2.62820407e-01 1.49134007e-01 1.09183829e-01 ... 1.90371374e+02
 1.88349834e+02 1.91477304e+02]",2
"[1.81470275e-01 1.77775457e-01 1.39282145e-01 ... 2.03420671e+02
 1.51026377e+02 1.72975910e+02]",2
"[2.47909922e-01 9.91763795e-02 1.10417971e-01 ... 1.86222859e+02
 1.87163087e+02 1.96515033e+02]",2
"[  0.           0.           0.         ... 196.26694802 200.11602106
 203.23718423]",2
"[2.26766634e-01 2.05753260e-01 2.39861439e-02 ... 1.94231641e+02
 1.72202294e+02 1.98571624e+02]",2
"[3.92052398e-01 3.57321613e-02 1.03091600e-01 ... 1.87900279e+02
 1.86082328e+02 1.91069643e+02]",2
"[1.76884496e-01 1.22964688e-01 8.72485371e-02 ... 1.99459309e+02
 2.01524059e+02 1.86722843e+02]",2
"[  0.           0.           0.         ... 198.51433115 197.6671004
 194.51538247]",2
"[3.63758631e-01 1.08968437e-01 9.91566991e-04 ... 1.61653536e+02
 1.79846124e+02 1.89008957e+02]",2
"[2.30028830e-01 1.09167560e-01 1.50515962e-01 ... 1.92734722e+02
 2.05441221e+02 1.87497315e+02]",2
"[1.75578854e-01 1.43753353e-01 1.02373919e-01 ... 1.65124165e+02
 1.39458210e+02 2.00033583e+02]",2
"[1.91502109e-01 5.70672126e-02 5.50680409e-02 ... 1.86393282e+02
 1.91406053e+02 1.85053805e+02]",2
"[2.69902769e-01 1.41488769e-01 2.69902769e-01 ... 1.88728980e+02
 1.70902969e+02 1.90843776e+02]",2
"[2.46996430e-01 1.44881645e-01 8.64805157e-02 ... 1.93658993e+02
 2.04782969e+02 1.98415865e+02]",2
"[4.05920769e-01 7.71919820e-02 0.00000000e+00 ... 1.77016243e+02
 1.81857241e+02 1.86585936e+02]",2
"[  0.45768595   0.           0.         ... 194.20126477 203.55835686
 180.88273706]",2
"[2.27897573e-01 1.91283842e-01 1.26279086e-01 ... 1.99303179e+02
 1.86102150e+02 1.74082281e+02]",2
"[  0.           0.           0.         ... 198.67658869 188.61956179
 190.46763008]",2
"[2.25496864e-01 1.29967260e-01 2.25496864e-01 ... 1.87881389e+02
 2.00337232e+02 1.94176526e+02]",2
"[2.43248694e-01 1.00460262e-01 5.64186278e-02 ... 1.86682333e+02
 1.53593959e+02 1.74003662e+02]",2
"[2.97388599e-01 0.00000000e+00 2.12735959e-02 ... 2.04138795e+02
 2.01263684e+02 1.84823546e+02]",2
"[1.74689821e-01 1.24944429e-01 1.75771833e-01 ... 1.71403463e+02
 1.78151114e+02 1.85459970e+02]",2
"[5.12784476e-01 7.64046180e-02 2.49245562e-01 ... 1.95393991e+02
 1.73882853e+02 1.62263039e+02]",2
"[1.60897156e-01 8.32490235e-02 1.41790294e-01 ... 1.76314112e+02
 1.89823083e+02 2.04117627e+02]",2
"[  0.           0.           0.         ... 185.22453924 192.87672665
 181.62552019]",2
"[  0.           0.           0.         ... 195.65013144 200.15438382
 189.72311547]",2
"[2.16653571e-01 4.91432802e-02 1.00477101e-01 ... 2.06804904e+02
 1.71126695e+02 1.66412860e+02]",2
"[1.81495568e-01 7.68048414e-02 1.55771878e-01 ... 1.93392176e+02
 1.96882262e+02 1.87130078e+02]",2
"[1.54470900e-01 6.76467324e-02 1.47979582e-01 ... 1.85612143e+02
 1.99784111e+02 1.60180062e+02]",2
"[2.19947401e-01 2.19947401e-01 1.02207037e-01 ... 1.89388402e+02
 1.96721397e+02 2.11062503e+02]",2
"[2.34545188e-01 1.35000698e-01 1.51751179e-01 ... 1.85549328e+02
 1.82143175e+02 1.97211470e+02]",2
"[2.67307729e-01 0.00000000e+00 9.10545313e-02 ... 1.75874972e+02
 1.76730939e+02 1.69706774e+02]",2
"[2.17111788e-01 9.10614316e-02 1.23758337e-01 ... 1.96731737e+02
 1.94753241e+02 1.81904543e+02]",2
"[2.58181838e-01 2.90192822e-01 1.79047231e-01 ... 1.91490698e+02
 1.98725637e+02 1.90518175e+02]",2
"[  0.70710678   0.           0.         ... 197.06535177 194.51904404
 188.33477186]",2
"[2.25768803e-01 2.06715040e-01 1.64895967e-01 ... 1.92129347e+02
 2.00423467e+02 1.88126705e+02]",2
"[3.07640308e-01 9.60329338e-02 4.42880036e-02 ... 1.86541000e+02
 1.93017051e+02 1.80309673e+02]",2
"[  0.70684137   0.           0.         ... 173.87113848 180.39731058
 180.31408921]",2
"[  0.5          0.           0.         ... 183.49134693 189.36988118
 188.1172664 ]",2
"[2.22959692e-01 1.58408833e-01 4.12405157e-02 ... 1.89776724e+02
 1.53418475e+02 1.93037604e+02]",2
"[  0.           0.           0.         ... 174.55922479 189.5488891
 198.58281762]",2
"[2.20850917e-01 1.43350767e-01 1.11571388e-01 ... 1.88517611e+02
 1.90018122e+02 1.74547108e+02]",2
"[1.27606293e-01 1.06104379e-01 1.63711304e-01 ... 1.87098579e+02
 1.91791616e+02 1.89357587e+02]",2
"[4.82910544e-01 5.04535405e-02 6.29840455e-02 ... 1.82292686e+02
 1.45402307e+02 1.69921373e+02]",2
"[2.31856555e-01 1.16322579e-01 5.27754351e-02 ... 1.93250933e+02
 1.82316934e+02 1.88799387e+02]",2
"[  0.           0.           0.         ... 180.83937423 194.36451802
 186.70697404]",2
"[1.68349466e-01 1.82013036e-01 6.71170520e-02 ... 1.90110728e+02
 1.96737174e+02 1.94585434e+02]",2
"[1.10115725e-01 7.60308605e-02 5.51553566e-02 ... 1.99191863e+02
 1.86058487e+02 1.92822125e+02]",2
"[3.10584032e-01 6.01221875e-02 9.65165000e-02 ... 2.05220323e+02
 1.88133556e+02 1.97132375e+02]",2
"[1.58848879e-01 9.00776537e-02 2.42347732e-01 ... 1.77809319e+02
 1.82251552e+02 2.00627245e+02]",2
"[  0.           0.           0.         ... 196.03456488 170.17369603
 175.93875518]",2
"[  0.           0.           0.         ... 212.1519816  208.37127773
 168.41167459]",2
"[  0.           0.           0.         ... 189.26211476 167.14696757
 193.05985467]",2
"[  0.           0.           0.         ... 172.99234749 193.90178567
 180.98612316]",2
"[2.78963254e-01 4.65002619e-04 7.70665226e-02 ... 1.76964524e+02
 1.97076951e+02 1.92901239e+02]",3
"[1.54672792e-01 2.29929006e-01 1.90241781e-01 ... 1.69858202e+02
 1.84559618e+02 2.06154462e+02]",3
"[  0.           0.           0.         ... 181.30482391 185.07029785
 178.35873697]",3
"[  0.           0.           0.         ... 197.44877377 205.1525745
 193.36353552]",3
"[  0.28334485   0.           0.         ... 202.67294552 178.48005354
 172.32963836]",3
"[2.02866884e-01 1.29135462e-01 1.30439346e-01 ... 1.76032590e+02
 2.09341421e+02 1.52628213e+02]",3
"[2.17483526e-01 1.04733554e-01 1.26594718e-01 ... 1.90335286e+02
 1.82562101e+02 1.93461821e+02]",3
"[2.97333603e-01 1.66436660e-01 2.12699755e-01 ... 1.88292778e+02
 2.02805733e+02 1.97795903e+02]",3
"[1.41663338e-01 6.02572248e-02 1.81627362e-01 ... 1.72880333e+02
 1.70941244e+02 1.97222850e+02]",3
"[2.30805239e-01 6.54396806e-02 1.99764812e-01 ... 1.98714038e+02
 1.79151048e+02 1.94939639e+02]",3
"[2.43922017e-01 1.82843640e-02 2.26906911e-01 ... 1.95274982e+02
 2.13093844e+02 2.06653453e+02]",3
"[2.37007419e-01 2.20102101e-01 1.87549880e-01 ... 1.91092127e+02
 2.02841777e+02 2.05192858e+02]",3
"[1.86559106e-01 1.31132216e-01 9.41104657e-02 ... 2.01588292e+02
 1.76519858e+02 1.99100693e+02]",3
"[7.57152529e-02 0.00000000e+00 3.65434312e-02 ... 1.71926178e+02
 1.92718726e+02 1.92204847e+02]",3
"[2.39263035e-01 1.84507203e-01 1.51942088e-01 ... 1.75886220e+02
 1.95326968e+02 1.93821656e+02]",3
"[  0.           0.           0.         ... 177.80792178 205.31668144
 209.29232002]",3
"[  0.64793168   0.           0.         ... 182.57938636 180.70868272
 200.22825085]",3
"[2.30482569e-01 7.73583054e-02 1.94466715e-01 ... 1.60695511e+02
 1.61303845e+02 1.63618542e+02]",3
"[2.18043990e-01 1.41734316e-01 8.92737545e-02 ... 1.70525206e+02
 1.63842507e+02 1.92872320e+02]",3
"[3.16178984e-01 2.72672292e-02 1.89308265e-02 ... 1.97062080e+02
 1.98936591e+02 1.98106543e+02]",3
"[2.27304725e-01 1.41076276e-01 2.23379928e-01 ... 1.99051314e+02
 1.97251985e+02 1.57829714e+02]",3
"[9.81498734e-02 0.00000000e+00 0.00000000e+00 ... 2.01896750e+02
 1.75386950e+02 1.79917892e+02]",3
"[  0.           0.           0.         ... 192.63072    198.291137
 196.03968139]",3
"[  0.           0.           0.         ... 194.25580334 191.00820111
 186.65401418]",3
"[  0.           0.           0.         ... 206.7336388  184.73033845
 181.21926254]",3
"[2.23684754e-01 1.70813329e-01 1.92752988e-01 ... 1.95070017e+02
 1.73909041e+02 1.95142588e+02]",3
"[  0.           0.           0.         ... 197.49055811 190.46597333
 181.34158778]",3
"[2.39032848e-01 8.48501585e-02 4.80934287e-02 ... 1.88630120e+02
 1.91057579e+02 1.99333253e+02]",3
"[2.39101989e-01 4.01220003e-02 1.86244143e-01 ... 2.03763813e+02
 1.91978290e+02 1.48194518e+02]",3
"[2.20709162e-01 5.84673133e-02 2.01222426e-02 ... 1.92717588e+02
 1.97108374e+02 1.87271173e+02]",3
"[  0.           0.           0.         ... 199.90899876 156.65221943
 188.69567215]",3
"[1.65252325e-01 8.72664170e-02 1.03449315e-01 ... 2.01257073e+02
 1.75068320e+02 1.85167825e+02]",3
"[  0.28807456   0.           0.28807456 ... 189.09000175 199.62694273
 187.50016236]",3
"[  0.           0.           0.         ... 194.05154701 191.85202854
 181.24993007]",3
"[2.19935859e-01 1.86837405e-01 0.00000000e+00 ... 1.63577279e+02
 1.89340984e+02 1.94298225e+02]",3
"[2.62990264e-01 1.99514703e-02 7.52450635e-02 ... 1.99936219e+02
 1.93157753e+02 1.92278133e+02]",3
"[1.75915379e-01 1.51476038e-01 2.05811705e-01 ... 1.95782925e+02
 2.01462986e+02 1.75063488e+02]",3
"[1.48755913e-01 7.31514289e-02 2.13012201e-01 ... 2.00921939e+02
 2.06413973e+02 2.03923893e+02]",3
"[2.27844922e-01 1.87031585e-01 1.17492469e-01 ... 2.04757579e+02
 1.85606480e+02 1.95518365e+02]",3
"[2.91039246e-01 4.31445837e-02 8.83177513e-02 ... 2.07969050e+02
 2.04859755e+02 1.88132273e+02]",3
"[  0.           0.           0.         ... 172.86773379 178.46422893
 131.3608026 ]",3
"[2.16058183e-01 2.79803843e-02 4.97148366e-02 ... 1.93088120e+02
 1.95854228e+02 1.87430296e+02]",3
"[  0.           0.           0.         ... 182.65899951 194.96722359
 168.46838609]",3
"[2.27344782e-01 1.63966356e-01 6.89411371e-02 ... 2.04697378e+02
 1.84512895e+02 1.83065072e+02]",3
"[2.38971194e-01 8.07622610e-02 6.83698870e-02 ... 1.64964140e+02
 1.96894275e+02 1.68613100e+02]",3
"[  0.           0.           0.         ... 208.95020304 199.58131595
 183.34045893]",3
"[2.33499345e-01 6.79890965e-02 1.69491314e-01 ... 2.02110600e+02
 1.92436450e+02 2.03401878e+02]",3
"[  0.           0.           0.         ... 182.44165598 190.80968731
 193.42388044]",3
"[  0.           0.           0.         ... 201.07054446 184.08863535
 198.14877204]",3
"[2.25534541e-01 1.44540705e-02 1.64246641e-01 ... 1.78710210e+02
 1.94516559e+02 1.67997574e+02]",3
"[  0.           0.           0.         ... 164.62076388 179.09044091
 181.5041301 ]",3
"[2.10525768e-01 1.32750037e-01 7.77954722e-02 ... 1.87413039e+02
 1.80774199e+02 1.83652133e+02]",3
"[1.20830609e-01 1.79418967e-01 1.30872390e-01 ... 1.80780031e+02
 1.50099595e+02 1.76282080e+02]",3
"[2.19117954e-01 1.91534256e-01 7.80075570e-02 ... 1.76929828e+02
 1.98732792e+02 1.99438686e+02]",3
"[  0.           0.           0.         ... 190.76187375 189.26510033
 193.52653716]",3
"[8.85768673e-02 2.12126536e-01 1.36384921e-01 ... 1.89427646e+02
 1.88661241e+02 2.05945132e+02]",3
"[2.32148243e-01 2.32148243e-01 1.09663907e-01 ... 2.06138610e+02
 1.98376596e+02 2.04875338e+02]",3
"[1.41788300e-01 1.46585572e-01 7.16204973e-02 ... 1.95678666e+02
 1.91864360e+02 2.01540655e+02]",3
"[2.50662571e-01 4.96340893e-02 2.15979803e-01 ... 1.81568945e+02
 1.86595780e+02 1.85139677e+02]",3
"[  0.           0.           0.         ... 202.37214571 191.58459967
 179.58439045]",3
"[2.46116428e-01 1.73807421e-01 1.00853224e-01 ... 1.96278542e+02
 2.02047888e+02 1.64519197e+02]",3
"[2.21963586e-01 1.04980319e-01 2.21963586e-01 ... 2.06020621e+02
 1.82076717e+02 1.63024543e+02]",3
"[4.18998888e-02 0.00000000e+00 9.89724698e-02 ... 1.51470584e+02
 1.79657654e+02 1.65761342e+02]",3
"[1.80947036e-01 8.95196954e-02 1.15763461e-01 ... 1.95399381e+02
 1.91155000e+02 1.74276308e+02]",3
"[2.36176250e-01 1.62046692e-01 1.93781282e-01 ... 1.83876902e+02
 1.80141758e+02 1.92426794e+02]",3
"[2.26654102e-01 1.31188826e-01 7.67505579e-02 ... 2.03932102e+02
 2.01451629e+02 1.86161171e+02]",3
"[  0.           0.           0.         ... 178.00920737 193.47127896
 199.17294095]",3
"[  0.           0.           0.         ... 189.90363275 198.79443606
 182.21838328]",3
"[  0.           0.           0.         ... 182.65791131 176.6777536
 182.76018342]",3
"[  0.           0.           0.         ... 181.00344241 189.92225661
 191.61531453]",3
"[  0.27011272   0.           0.         ... 183.44730542 185.8938839
 176.48149207]",3
"[2.75266158e-01 6.05664310e-02 6.75427518e-02 ... 1.83642465e+02
 1.88468882e+02 1.95728143e+02]",3
"[1.73514413e-01 1.31400372e-02 2.19763885e-01 ... 1.78968936e+02
 2.01455445e+02 1.94144815e+02]",3
"[1.25180376e-02 2.08844189e-01 2.34287030e-02 ... 1.89094341e+02
 1.81501595e+02 1.96299779e+02]",3
"[3.01248356e-01 4.23301010e-02 1.54602140e-01 ... 1.99463195e+02
 1.98049712e+02 1.89084665e+02]",3
"[  0.48186243   0.           0.         ... 190.13694219 156.30746232
 178.37171471]",3
"[2.59557011e-01 6.18705773e-02 1.02263395e-01 ... 1.80748294e+02
 1.82192444e+02 1.91861697e+02]",3
"[  0.           0.           0.         ... 188.42410905 151.46935832
 183.54704333]",3
"[2.04243855e-01 1.24950667e-01 2.07045610e-01 ... 1.83875377e+02
 1.92208728e+02 2.01156991e+02]",3
"[2.41353134e-01 1.31121650e-01 1.48402725e-01 ... 1.86126626e+02
 1.87791734e+02 1.94570488e+02]",3
"[2.27307870e-01 1.24219578e-01 3.73925653e-03 ... 1.90894104e+02
 1.77438462e+02 1.83249388e+02]",3
"[2.40230992e-01 1.36014990e-01 1.12616600e-01 ... 1.90147101e+02
 1.83253288e+02 1.99756765e+02]",3
"[  0.           0.           0.         ... 174.71191594 189.6725185
 178.38869007]",3
"[  0.           0.           0.         ... 184.15571151 202.66533378
 202.42858731]",3
"[2.24732024e-01 1.46692982e-01 2.19159224e-01 ... 1.97566924e+02
 2.01934298e+02 1.70807440e+02]",3
"[1.81445378e-01 7.75296369e-02 0.00000000e+00 ... 2.02195074e+02
 2.15773903e+02 2.12174007e+02]",3
"[  0.           0.           0.         ... 192.44134803 205.79756125
 180.9106748 ]",3
"[2.30518470e-01 1.20244022e-01 1.67047470e-01 ... 1.93783927e+02
 1.82779759e+02 1.83592132e+02]",3
"[  0.           0.           0.         ... 189.60953836 185.68011183
 199.65874984]",3
"[2.46360882e-01 1.87741697e-02 5.77780567e-02 ... 1.92903874e+02
 1.53264472e+02 1.76408323e+02]",3
"[1.90453911e-01 2.09367987e-01 1.69073416e-01 ... 1.91598617e+02
 1.95352830e+02 1.39439109e+02]",3
"[2.22354574e-01 0.00000000e+00 3.75936387e-02 ... 1.97661309e+02
 1.84855170e+02 1.86933397e+02]",3
"[1.50943366e-01 1.90521157e-01 2.33411631e-01 ... 1.89201328e+02
 2.02384650e+02 1.60942828e+02]",3
"[2.26723122e-01 1.91737352e-01 2.26723122e-01 ... 1.84749294e+02
 1.77895058e+02 1.97124193e+02]",3
"[3.70431386e-01 5.82382481e-02 5.86708308e-02 ... 2.06846206e+02
 1.93239154e+02 1.84831428e+02]",3
"[2.28445507e-01 7.65260956e-02 1.09703679e-01 ... 1.35538746e+02
 1.79072085e+02 1.92215870e+02]",3
"[1.43407202e-01 1.50492767e-01 8.25482831e-02 ... 1.89348442e+02
 1.97594143e+02 1.70368169e+02]",3
"[  0.           0.           0.         ... 208.94763941 199.65472788
 187.75560976]",3
"[2.44017757e-01 3.50900967e-02 6.84744853e-02 ... 1.80960287e+02
 1.82193838e+02 1.95987064e+02]",3
"[2.14637397e-01 1.35647022e-01 1.36195283e-01 ... 1.74104454e+02
 1.93279325e+02 1.87773648e+02]",3
"[1.57537561e-01 1.24057620e-01 1.63655905e-01 ... 1.88864315e+02
 1.71704632e+02 1.78122592e+02]",3
"[2.48483261e-01 7.12490258e-02 4.05973000e-02 ... 1.44314799e+02
 1.95968575e+02 1.67410011e+02]",3
"[2.90636867e-01 6.95704601e-02 1.23950306e-01 ... 1.93851707e+02
 1.73712348e+02 2.00418815e+02]",3
"[2.27926293e-01 4.95883479e-02 4.47583924e-02 ... 1.90310551e+02
 1.89140921e+02 2.02696804e+02]",3
"[2.28400816e-01 1.16019894e-01 1.37740380e-01 ... 1.85275173e+02
 1.93347087e+02 1.53802365e+02]",3
"[2.27548808e-01 1.45732285e-01 9.12652359e-02 ... 1.77724335e+02
 2.15353501e+02 1.99010906e+02]",3
"[1.26977082e-01 1.37173626e-01 2.83698744e-01 ... 1.56983960e+02
 1.73861178e+02 1.95731308e+02]",3
"[2.24756141e-01 2.27644530e-01 1.46196042e-01 ... 1.94442826e+02
 1.66499068e+02 1.97913913e+02]",3
"[2.18487465e-01 1.89741938e-01 1.59512331e-02 ... 1.68825832e+02
 2.00999851e+02 2.04351851e+02]",3
"[  0.37412789   0.           0.         ... 195.57416536 190.00763816
 180.94559457]",3
"[  0.           0.           0.         ... 196.50948257 192.97486873
 171.18339862]",3
"[  0.           0.           0.         ... 181.16373143 196.72107486
 195.36018133]",3
"[  0.18974713   0.23364629   0.21401849 ... 182.84175448 186.30146225
 180.73857245]",3
"[  0.           0.           0.         ... 175.42141697 201.02232918
 203.23223231]",3
"[  0.           0.           0.         ... 198.35388203 181.66327839
 196.39544092]",3
"[  0.           0.           0.         ... 158.63822284 179.75696512
 202.21462964]",3
"[2.31999308e-01 1.36018828e-01 1.54278446e-01 ... 1.63522058e+02
 1.85145545e+02 1.91262882e+02]",3
"[  0.           0.           0.         ... 142.44456276 176.83406912
 182.26927431]",3
"[  0.48245086   0.           0.         ... 167.70014041 156.60316724
 184.9544094 ]",3
"[  0.           0.           0.         ... 203.14827539 182.42395687
 192.52668398]",3
"[1.74860734e-01 7.55354004e-02 2.23201515e-01 ... 1.73995178e+02
 1.97651916e+02 1.81629340e+02]",3
"[2.24842042e-01 1.46609950e-01 9.64418991e-02 ... 1.92518125e+02
 1.90831960e+02 1.21426421e+02]",3
"[  0.           0.           0.         ... 196.99531546 175.79424935
 173.65070712]",3
"[2.45036991e-01 4.62230135e-02 3.74997075e-02 ... 2.04995267e+02
 2.04136785e+02 1.96871150e+02]",3
"[3.71014421e-01 7.59067931e-02 1.85668875e-01 ... 1.86578920e+02
 1.95335413e+02 1.71858321e+02]",3
"[  0.           0.           0.         ... 195.62481783 172.40755652
 168.49676489]",3
"[  0.58594488   0.           0.         ... 201.29229752 200.32792585
 167.92015369]",3
"[  0.           0.           0.         ... 192.88701324 216.6094593
 202.89669519]",3
"[2.33762464e-01 1.36809367e-01 8.99299881e-02 ... 1.78959403e+02
 2.20237269e+02 1.91923527e+02]",3
"[  0.5          0.           0.         ... 178.57499354 191.53371634
 191.5101789 ]",3
"[2.49432529e-01 2.04410274e-01 1.04111285e-01 ... 1.95322426e+02
 2.00216501e+02 1.86336876e+02]",3
"[  0.           0.           0.         ... 183.46713515 196.72411985
 176.22077718]",3
"[1.68899832e-01 1.60172767e-01 1.40062305e-01 ... 1.92473110e+02
 1.77558202e+02 1.98962086e+02]",3
"[2.33650496e-01 1.11385918e-01 2.33650496e-01 ... 1.85225052e+02
 1.78689357e+02 1.98828780e+02]",3
"[3.97600621e-01 9.76796964e-02 3.97600621e-01 ... 1.89619293e+02
 1.78812391e+02 1.93490409e+02]",4
"[2.23878158e-01 1.40730848e-01 1.04717820e-01 ... 1.99818245e+02
 1.59928726e+02 1.73793312e+02]",4
"[  0.           0.           0.         ... 191.89323283 195.64206522
 204.92201698]",4
"[2.29098762e-01 1.10352773e-01 1.08636033e-01 ... 1.91770177e+02
 1.57598634e+02 1.87884675e+02]",4
"[2.34635221e-01 6.73921419e-02 1.15948412e-01 ... 1.95472853e+02
 1.99829707e+02 2.09880376e+02]",4
"[2.93904840e-01 3.76595459e-02 2.98936623e-02 ... 1.85211027e+02
 1.81023331e+02 1.82268182e+02]",4
"[2.67840827e-01 2.56609326e-01 1.48123553e-01 ... 1.79813152e+02
 2.03256667e+02 1.90397811e+02]",4
"[2.66288582e-01 6.10143159e-02 2.04389889e-01 ... 1.73051074e+02
 1.85970104e+02 1.89102680e+02]",4
"[1.94201083e-01 2.25693544e-01 1.36680711e-01 ... 1.95081542e+02
 2.02700919e+02 1.68147041e+02]",4
"[1.67943893e-01 1.30167869e-01 2.06362884e-01 ... 1.74665185e+02
 2.06255065e+02 1.95522750e+02]",4
"[2.64903984e-01 1.19774971e-01 1.47075278e-01 ... 1.83961440e+02
 1.85212207e+02 1.81961693e+02]",4
"[1.73842941e-01 8.14076308e-03 0.00000000e+00 ... 1.82388929e+02
 2.01004030e+02 1.84242566e+02]",4
"[2.29958626e-01 1.13167007e-01 1.45762153e-01 ... 2.04085226e+02
 1.78203198e+02 2.03849168e+02]",4
"[2.17023081e-01 9.45728475e-02 2.17023081e-01 ... 1.93837303e+02
 1.95265222e+02 2.04607374e+02]",4
"[2.18177994e-01 1.33680292e-01 8.86047041e-02 ... 1.89310295e+02
 1.78198412e+02 1.87137533e+02]",4
"[2.23880863e-01 9.04437658e-02 7.85524799e-02 ... 1.71881503e+02
 1.97365753e+02 1.89424378e+02]",4
"[2.29368953e-01 1.55848278e-01 2.29368953e-01 ... 1.96801731e+02
 1.69591429e+02 1.38732766e+02]",4
"[2.24735205e-01 1.15304925e-01 7.90421531e-02 ... 2.05939909e+02
 2.01797331e+02 1.78017045e+02]",4
"[  0.           0.           0.         ... 186.68432664 183.39988762
 180.79591338]",4
"[2.51719848e-01 1.38552495e-01 1.33349926e-01 ... 1.95986691e+02
 1.74632297e+02 2.06189396e+02]",4
"[2.11019835e-01 2.30270408e-01 1.60397227e-01 ... 1.87462168e+02
 1.89034164e+02 2.04706092e+02]",4
"[2.18244507e-01 8.57507687e-02 6.06741578e-02 ... 2.01947291e+02
 1.83319770e+02 1.81810124e+02]",4
"[2.18887663e-01 1.12754212e-01 8.13654460e-02 ... 2.00279914e+02
 1.96151247e+02 1.95461023e+02]",4
"[3.63354538e-02 0.00000000e+00 1.14144932e-01 ... 1.67952867e+02
 1.87256490e+02 1.82901187e+02]",4
"[1.95763021e-01 5.32706467e-02 0.00000000e+00 ... 1.99927876e+02
 1.78758986e+02 1.82355457e+02]",4
"[  0.           0.           0.         ... 196.49763432 201.04264002
 184.00623479]",4
"[2.93569995e-01 3.26714789e-02 9.89236797e-02 ... 1.90977448e+02
 2.07415533e+02 2.05831085e+02]",4
"[5.09816564e-02 3.50001414e-02 1.04907133e-01 ... 1.98604631e+02
 1.98459522e+02 1.90417260e+02]",4
"[2.20144285e-01 1.06258677e-01 1.21519957e-01 ... 2.01251507e+02
 1.99401476e+02 1.99054787e+02]",4
"[2.22256567e-01 3.27054625e-02 1.39530884e-01 ... 1.96956490e+02
 1.98234929e+02 1.92890294e+02]",4
"[2.33609877e-01 1.28330500e-01 1.13529513e-01 ... 1.60977243e+02
 1.88347803e+02 1.74118249e+02]",4
"[  0.           0.           0.         ... 177.32934303 188.373274
 193.68186856]",4
"[2.42415490e-01 1.84699814e-01 1.07899912e-01 ... 2.06948175e+02
 1.92532928e+02 2.08713953e+02]",4
"[1.14900186e-01 4.27301912e-02 2.12078970e-01 ... 1.97128817e+02
 1.84328383e+02 2.12077246e+02]",4
"[  0.23198465   0.22368697   0.23198465 ... 174.01105478 185.54796356
 188.82687464]",4
"[3.30364797e-01 8.62761593e-02 1.28545801e-01 ... 1.99900580e+02
 2.01884014e+02 1.70575400e+02]",4
"[1.82323519e-01 1.46759490e-01 2.07332124e-01 ... 1.84731642e+02
 1.95467855e+02 1.94425295e+02]",4
"[2.18166526e-01 1.42759173e-01 1.57152901e-01 ... 1.90950305e+02
 1.91214316e+02 1.86591869e+02]",4
"[1.64812477e-01 1.60692182e-01 1.33524719e-01 ... 1.88735483e+02
 1.94727671e+02 1.75491241e+02]",4
"[2.41825578e-01 1.83740449e-01 1.17954566e-01 ... 1.97402553e+02
 2.01118709e+02 1.99669164e+02]",4
"[  0.           0.           0.         ... 182.05048073 164.08165358
 169.5291784 ]",4
"[1.90438417e-01 2.22831505e-01 1.30958212e-01 ... 1.98478996e+02
 1.68935057e+02 1.79947997e+02]",4
"[7.27798811e-02 1.38189994e-01 1.04505468e-01 ... 1.72566346e+02
 1.93567558e+02 1.82424180e+02]",4
"[1.07860420e-01 1.92097995e-02 1.71258660e-01 ... 1.94601457e+02
 1.89556240e+02 2.00783257e+02]",4
"[2.24360505e-01 6.28585594e-02 1.32575403e-01 ... 1.98244152e+02
 1.95214785e+02 1.87850201e+02]",4
"[2.15759730e-01 1.12315431e-01 7.65062021e-02 ... 1.97179354e+02
 1.86810204e+02 1.96251250e+02]",4
"[3.73237443e-01 6.10476985e-02 0.00000000e+00 ... 1.89333871e+02
 1.96724791e+02 1.79953397e+02]",4
"[1.45625063e-01 9.99378381e-02 5.83043866e-02 ... 1.72185502e+02
 1.90313640e+02 1.96211401e+02]",4
"[1.92224452e-01 1.91939739e-01 2.22642814e-01 ... 1.84798041e+02
 2.05842980e+02 2.01119775e+02]",4
"[4.04023443e-01 7.29820849e-02 0.00000000e+00 ... 1.84110762e+02
 1.96236186e+02 1.96836888e+02]",4
"[  0.           0.           0.         ... 209.39740796 171.87741026
 178.00691192]",4
"[2.24322206e-01 1.05761680e-01 2.23612726e-02 ... 1.81383588e+02
 1.99457134e+02 1.95171786e+02]",4
"[1.31031612e-01 0.00000000e+00 0.00000000e+00 ... 1.98805510e+02
 1.98936873e+02 1.86295608e+02]",4
"[2.40544075e-01 1.37711671e-01 3.83150683e-02 ... 1.82750553e+02
 1.86819644e+02 1.80895094e+02]",4
"[  0.45836977   0.45836977   0.36725454 ... 197.4457888  189.706821
 191.88641659]",4
"[  0.           0.           0.         ... 193.90380186 181.63863371
 175.64585948]",4
"[1.52785691e-01 9.21371461e-02 7.14995988e-02 ... 1.96973507e+02
 1.73943672e+02 1.90826453e+02]",4
"[1.83131301e-01 1.63215695e-01 2.31763222e-01 ... 2.05585908e+02
 1.88946648e+02 1.80298703e+02]",4
"[2.07872939e-01 1.93862037e-01 2.10022105e-01 ... 1.91276748e+02
 1.99481225e+02 1.86407429e+02]",4
"[  0.           0.           0.         ... 187.34965548 197.6799069
 191.28871737]",4
"[2.50115596e-01 0.00000000e+00 1.37499801e-02 ... 1.91831950e+02
 1.78578354e+02 1.94303114e+02]",4
"[1.95415629e-01 8.76215209e-02 1.12393622e-01 ... 1.80463901e+02
 1.86148524e+02 1.68640863e+02]",4
"[1.98026303e-01 2.77108811e-02 0.00000000e+00 ... 1.99368890e+02
 1.87241352e+02 1.82824297e+02]",4
"[2.23897376e-01 8.04847816e-02 1.31911118e-01 ... 1.90999303e+02
 1.86036652e+02 1.87064922e+02]",4
"[7.20681265e-02 0.00000000e+00 2.22631342e-01 ... 1.88507622e+02
 1.93852699e+02 2.03844728e+02]",4
"[  0.27048574   0.           0.         ... 152.52947046 182.42044211
 185.43593326]",4
"[1.66514135e-01 4.97336698e-02 1.88632396e-01 ... 1.77548988e+02
 1.86929407e+02 1.78825607e+02]",4
"[2.30192495e-01 1.10381956e-01 4.23058654e-02 ... 1.97465210e+02
 1.68945699e+02 1.80116919e+02]",4
"[2.58305492e-01 1.48558930e-01 1.42460458e-01 ... 1.95790092e+02
 1.83566267e+02 1.80160501e+02]",4
"[3.27025171e-01 6.78437721e-02 1.70402466e-01 ... 1.96967552e+02
 1.93362508e+02 1.78622025e+02]",4
"[2.17839219e-01 2.17839219e-01 9.14434965e-02 ... 1.67556952e+02
 1.95297145e+02 2.01381163e+02]",4
"[2.48650333e-01 1.54148814e-01 2.48650333e-01 ... 1.97705529e+02
 1.92388830e+02 1.80729468e+02]",4
"[1.04370201e-01 0.00000000e+00 9.47608766e-02 ... 1.90848907e+02
 1.97850899e+02 1.98630360e+02]",4
"[1.89742933e-01 3.74206812e-02 7.86060155e-02 ... 1.90114180e+02
 2.02061842e+02 1.92380891e+02]",4
"[2.22619757e-01 1.06344700e-01 3.17601270e-02 ... 1.94779459e+02
 1.80975182e+02 1.90390819e+02]",4
"[2.36347527e-01 3.54485001e-02 1.98785069e-01 ... 1.75486802e+02
 2.00538805e+02 1.79210494e+02]",4
"[  0.33370446   0.           0.         ... 155.32361743 206.41308272
 205.82768084]",4
"[1.73663168e-01 1.77924707e-01 1.27667538e-01 ... 2.02275450e+02
 1.89610591e+02 2.07655559e+02]",4
"[2.83368247e-01 8.42304368e-02 8.02338953e-02 ... 1.79892857e+02
 1.76020953e+02 1.69660967e+02]",4
"[  0.           0.           0.         ... 178.8941337  188.35076001
 192.04596416]",4
"[4.16569043e-01 9.46889036e-03 1.05650876e-01 ... 1.90084313e+02
 1.86153982e+02 1.88254107e+02]",4
"[2.00621085e-01 0.00000000e+00 0.00000000e+00 ... 1.85126236e+02
 1.83627194e+02 2.10850871e+02]",4
"[  0.263442     0.2042552    0.21279753 ... 193.06192103 199.217013
 186.12994809]",4
"[2.07666679e-01 1.28349453e-01 2.19450225e-01 ... 1.89085346e+02
 1.90188356e+02 1.90904405e+02]",4
"[2.28894297e-01 2.21633675e-01 1.62915494e-01 ... 2.05685606e+02
 1.74403314e+02 1.94490879e+02]",4
"[  0.           0.           0.         ... 194.56756159 179.02259949
 178.19317861]",4
"[2.19876797e-01 1.27837774e-01 2.19876797e-01 ... 1.78670043e+02
 1.89902718e+02 1.68230068e+02]",4
"[3.39931851e-01 1.84729161e-01 1.56467318e-01 ... 1.88779212e+02
 1.65238505e+02 1.97022584e+02]",4
"[2.35516476e-01 1.54367427e-01 1.78499941e-01 ... 1.95480620e+02
 1.76442745e+02 1.78941174e+02]",4
"[3.31704718e-01 3.48126960e-02 2.12906383e-02 ... 2.05359558e+02
 1.72895707e+02 1.90117282e+02]",4
"[  0.           0.           0.         ... 195.37974813 188.0762184
 173.35990104]",4
"[2.39064700e-01 2.78309406e-02 2.39064700e-01 ... 1.88713050e+02
 1.91824986e+02 1.98510746e+02]",4
"[  0.           0.           0.         ... 182.77787795 184.90015429
 192.30097709]",4
"[  0.45456922   0.           0.         ... 181.21676834 204.3157052
 189.33443272]",4
"[2.17691479e-01 1.38455681e-01 4.44192376e-02 ... 1.75952188e+02
 1.88376090e+02 2.06910651e+02]",4
"[2.10439251e-01 9.10956294e-02 1.71760811e-02 ... 1.87407525e+02
 1.91625830e+02 1.71482458e+02]",4
"[  0.           0.           0.         ... 194.11716906 170.34514452
 171.83131473]",4
"[2.23486459e-01 2.23486459e-01 1.26297401e-01 ... 1.79245633e+02
 1.81981987e+02 1.98391196e+02]",4
"[8.41421281e-02 0.00000000e+00 0.00000000e+00 ... 1.87461201e+02
 1.97524341e+02 1.91854511e+02]",4
"[2.60797654e-01 9.66076849e-02 1.31864871e-01 ... 1.77792568e+02
 2.01284620e+02 1.77604877e+02]",4
"[  0.           0.           0.         ... 194.79747708 183.75206505
 167.31660923]",4
"[  0.           0.           0.         ... 187.79057858 178.46157867
 180.16068448]",4
"[2.10119125e-01 8.57154351e-02 2.20986449e-01 ... 1.92593510e+02
 1.89214460e+02 1.97873591e+02]",4
"[2.22939193e-01 1.39200174e-01 2.18934545e-01 ... 2.00664579e+02
 1.86521413e+02 1.94508648e+02]",4
"[2.41883519e-01 1.59792418e-01 2.43152125e-01 ... 1.80394969e+02
 1.87953740e+02 1.90231140e+02]",4
"[2.66541137e-01 9.76825093e-02 2.31830828e-01 ... 1.81682059e+02
 1.82929553e+02 1.92722629e+02]",4
"[2.22634699e-01 2.31817662e-02 6.62196375e-03 ... 1.99074771e+02
 1.93680297e+02 1.71723016e+02]",4
"[3.71778488e-01 2.06481502e-01 2.97256962e-02 ... 1.97123075e+02
 1.75820224e+02 1.86400742e+02]",4
"[  0.           0.           0.         ... 195.69175821 180.7659081
 202.23415389]",4
"[  0.           0.           0.         ... 204.01507026 217.4563068
 220.56942929]",4
"[1.26174350e-01 1.09344776e-01 8.40881501e-03 ... 1.76459547e+02
 2.00043542e+02 1.98486143e+02]",4
"[3.62186079e-02 1.13655001e-01 7.75048024e-02 ... 1.84963452e+02
 1.75609245e+02 1.72298206e+02]",4
"[9.27399456e-02 4.70872310e-02 0.00000000e+00 ... 1.99911138e+02
 1.78641530e+02 1.91227074e+02]",4
"[2.40046301e-01 7.86355680e-02 2.40046301e-01 ... 1.79124765e+02
 1.86165145e+02 1.92750998e+02]",4
"[  0.39786234   0.           0.         ... 181.32606845 196.24621696
 188.14658808]",4
"[1.46140247e-01 1.48761288e-01 1.72345343e-01 ... 1.83419229e+02
 2.00603210e+02 1.85298871e+02]",4
"[2.12321974e-01 3.70374400e-02 2.19251962e-01 ... 1.78293261e+02
 1.96159679e+02 1.96995373e+02]",4
"[  0.           0.           0.         ... 182.77133589 176.21721857
 174.1701604 ]",4
"[3.67243319e-01 5.73498782e-02 0.00000000e+00 ... 2.02591914e+02
 1.74297183e+02 1.93486967e+02]",4
"[2.34545161e-01 1.52756586e-01 2.04130881e-01 ... 2.06001964e+02
 2.07146576e+02 1.97177636e+02]",4
"[2.82858192e-01 7.91402771e-02 2.82858192e-01 ... 1.79421910e+02
 1.96775909e+02 1.84953209e+02]",4
"[  0.25036421   0.30558004   0.23052075 ... 204.14045052 195.71103216
 201.90851145]",4
"[3.33828327e-01 1.62943060e-01 3.01799363e-01 ... 1.92506244e+02
 1.74254696e+02 1.62275298e+02]",4
"[2.19529562e-01 6.18697161e-02 5.34531133e-02 ... 2.01192384e+02
 1.97857510e+02 2.04753082e+02]",4
"[2.44076218e-01 4.59388180e-02 4.35277692e-02 ... 1.66602022e+02
 1.82998316e+02 2.00721295e+02]",4
"[2.29162892e-01 1.16328629e-01 1.79697511e-01 ... 1.98833496e+02
 1.66582170e+02 1.89203981e+02]",4
"[  0.           0.           0.         ... 194.54827877 201.47352373
 206.29416135]",4
"[2.28300803e-01 0.00000000e+00 1.24578338e-01 ... 1.72861421e+02
 1.62667520e+02 1.90975992e+02]",4
"[2.26516150e-01 9.65719359e-02 6.08431690e-02 ... 2.03391248e+02
 1.97422725e+02 1.91702644e+02]",4
"[2.26516150e-01 9.65719359e-02 6.08431690e-02 ... 2.03391248e+02
 1.97422725e+02 1.91702644e+02]",4
"[2.54082815e-01 7.67585160e-02 0.00000000e+00 ... 1.80650557e+02
 1.84489279e+02 1.99982667e+02]",4
"[  0.           0.           0.         ... 146.00564434 184.31376292
 191.14982354]",4
"[4.69544111e-02 5.00809720e-02 8.83418907e-02 ... 1.98559234e+02
 1.98323449e+02 1.90023363e+02]",4
"[2.26214182e-01 2.26214182e-01 3.73917641e-02 ... 2.02730296e+02
 1.99139716e+02 1.89864382e+02]",4
"[2.23800862e-01 1.51835439e-01 1.29995740e-01 ... 1.59314298e+02
 1.84051276e+02 1.91923331e+02]",4
"[2.20348775e-01 3.35172771e-02 1.64215328e-01 ... 2.04728616e+02
 1.77174713e+02 1.99435742e+02]",4
"[  0.           0.           0.         ... 183.25833087 210.42311396
 199.75305821]",4
"[  0.           0.           0.         ... 193.50660626 211.82457115
 218.53490496]",5
"[2.38736948e-01 1.90175639e-01 8.86519052e-02 ... 1.79617341e+02
 1.85412956e+02 2.05106061e+02]",5
"[2.51275585e-01 4.88250021e-02 6.08937493e-02 ... 1.99003940e+02
 2.01812856e+02 1.87673308e+02]",5
"[2.24116745e-01 2.24116745e-01 8.73806574e-02 ... 1.86828921e+02
 1.91977735e+02 1.85174185e+02]",5
"[4.50891184e-01 6.53451129e-02 1.45598533e-01 ... 1.81385295e+02
 1.97217007e+02 1.66285041e+02]",5
"[  0.70710678   0.           0.         ... 200.8207299  194.08516385
 184.979697  ]",5
"[  0.34737447   0.           0.         ... 201.43219269 205.27227234
 177.23271097]",5
"[4.54653813e-01 1.51420250e-01 2.10341780e-01 ... 2.01497198e+02
 1.52765217e+02 1.91721913e+02]",5
"[1.75769922e-01 8.53292884e-02 1.04942726e-01 ... 1.75367513e+02
 1.83573698e+02 2.03646912e+02]",5
"[  0.3196434    0.           0.3196434  ... 107.07460336 190.43447124
 178.75432911]",5
"[2.97189245e-01 1.45441813e-01 2.97189245e-01 ... 1.60321675e+02
 1.93560106e+02 1.80462867e+02]",5
"[2.27671518e-01 8.56074389e-02 2.27671518e-01 ... 1.70759952e+02
 2.04111636e+02 1.93102236e+02]",5
"[1.97038368e-01 1.16835601e-01 1.34027540e-01 ... 1.77580675e+02
 1.82788413e+02 2.03361171e+02]",5
"[2.39678468e-01 1.42837279e-01 1.14967219e-01 ... 1.88987431e+02
 1.98971379e+02 1.94248615e+02]",5
"[2.23345130e-01 4.27635781e-02 1.20727773e-01 ... 1.90355595e+02
 2.03199186e+02 1.91577641e+02]",5
"[2.29174736e-01 1.33494197e-01 1.48514546e-01 ... 2.04855276e+02
 2.02532975e+02 2.06514634e+02]",5
"[7.69515387e-02 1.45902699e-01 3.15183401e-02 ... 1.80518455e+02
 2.03013810e+02 2.02368013e+02]",5
"[1.61529788e-01 1.21859048e-01 2.08778816e-01 ... 1.94187969e+02
 1.98231303e+02 2.07990690e+02]",5
"[3.32446700e-01 2.39549676e-03 0.00000000e+00 ... 1.81041179e+02
 1.56444918e+02 2.08264118e+02]",5
"[1.05047070e-01 6.31723717e-02 2.27492924e-01 ... 1.94929368e+02
 1.94919731e+02 1.90144689e+02]",5
"[2.56238449e-01 1.20299523e-01 1.79718100e-01 ... 1.96824854e+02
 1.93010308e+02 1.59323236e+02]",5
"[2.29496827e-01 1.82972251e-01 6.65759649e-02 ... 1.84592362e+02
 1.74878060e+02 1.92010497e+02]",5
"[  0.           0.           0.         ... 168.31409416 153.1110018
 155.34928278]",5
"[1.60342387e-01 2.19678451e-01 2.05671320e-01 ... 1.93002408e+02
 1.80774132e+02 1.86192175e+02]",5
"[2.26392088e-01 6.06694560e-02 1.36928550e-01 ... 1.77829250e+02
 1.74401327e+02 1.81265128e+02]",5
"[2.15772532e-01 2.15772532e-01 5.99267841e-02 ... 1.90506496e+02
 2.03496536e+02 1.83788477e+02]",5
"[  0.22114977   0.23121138   0.23121138 ... 174.93208344 206.03306513
 186.66813727]",5
"[8.77438683e-02 2.97726123e-02 1.42233136e-01 ... 1.73968689e+02
 1.89046520e+02 1.98170109e+02]",5
"[2.23611907e-01 2.03355105e-01 2.23611907e-01 ... 1.78045672e+02
 1.59795115e+02 2.09886894e+02]",5
"[2.66292840e-01 2.53780696e-02 5.43857075e-02 ... 2.01246251e+02
 1.97028024e+02 2.02503536e+02]",5
"[  0.           0.           0.         ... 141.17561422 197.58207314
 206.09312333]",5
"[2.44643288e-01 9.25883579e-02 1.88005861e-01 ... 1.89867908e+02
 1.82770294e+02 1.83792520e+02]",5
"[2.16272987e-01 1.35921249e-01 2.21377181e-02 ... 1.58112660e+02
 1.89029258e+02 1.98269535e+02]",5
"[2.25699739e-01 1.19768994e-01 2.29890363e-01 ... 1.76575146e+02
 1.88983614e+02 1.66591801e+02]",5
"[2.25935494e-01 1.35233658e-01 1.89178922e-01 ... 1.75018558e+02
 2.00580031e+02 1.91337231e+02]",5
"[4.37322879e-01 0.00000000e+00 1.12142057e-01 ... 1.87399456e+02
 1.95730231e+02 2.00586991e+02]",5
"[2.47300381e-01 8.60960787e-02 2.47300381e-01 ... 1.97988102e+02
 2.06646618e+02 1.73747378e+02]",5
"[2.07822762e-01 8.69546435e-02 1.55847016e-01 ... 2.03929505e+02
 1.89960720e+02 1.93878265e+02]",5
"[2.23044514e-01 1.06462991e-01 2.00678980e-01 ... 1.86123638e+02
 2.05728176e+02 1.79242557e+02]",5
"[2.30150600e-01 1.46593378e-01 6.31688237e-02 ... 1.84602973e+02
 2.06370774e+02 1.95281497e+02]",5
"[2.61793504e-01 1.28597885e-01 1.16793204e-01 ... 2.02158571e+02
 1.74636370e+02 2.02595527e+02]",5
"[  0.           0.           0.         ... 181.8441237  185.33052434
 189.1667424 ]",5
"[2.59988809e-01 4.57460337e-02 6.98493072e-02 ... 1.87867042e+02
 1.80039492e+02 2.04741419e+02]",5
"[1.80550134e-01 1.60502450e-01 2.25072871e-01 ... 1.79571435e+02
 1.84586618e+02 1.79418323e+02]",5
"[1.50956752e-01 2.02679484e-01 1.83983655e-01 ... 2.02495014e+02
 1.95198959e+02 1.86322668e+02]",5
"[3.08324051e-01 9.42591660e-02 1.23003667e-01 ... 1.69427642e+02
 1.76573536e+02 1.77441217e+02]",5
"[2.12195792e-01 8.02135299e-02 1.68462770e-01 ... 2.02833326e+02
 1.97088957e+02 1.82319417e+02]",5
"[1.70910012e-01 1.54626482e-01 1.64439094e-01 ... 1.92140884e+02
 2.03730884e+02 1.62289008e+02]",5
"[2.23633300e-01 1.25177214e-01 1.55288721e-01 ... 1.79747689e+02
 1.81635319e+02 1.74463562e+02]",5
"[2.41115685e-01 9.64365962e-02 1.70384618e-01 ... 1.89060740e+02
 1.72655225e+02 1.88888469e+02]",5
"[  0.           0.           0.         ... 169.28058108 205.6446171
 167.07241279]",5
"[2.20078875e-01 1.41705320e-01 6.36496005e-02 ... 1.97820215e+02
 2.03929190e+02 2.05575791e+02]",5
"[2.31411475e-01 1.11427192e-01 1.31354732e-01 ... 2.00558378e+02
 1.79402536e+02 1.94646870e+02]",5
"[2.30879468e-01 1.45186646e-01 1.21058547e-01 ... 1.97099377e+02
 1.62290313e+02 2.00269174e+02]",5
"[9.00360076e-02 0.00000000e+00 0.00000000e+00 ... 1.87760514e+02
 1.99447322e+02 1.57404755e+02]",5
"[2.24706716e-01 8.09599656e-02 2.24706716e-01 ... 2.02317627e+02
 2.03769616e+02 1.84565521e+02]",5
"[2.19309560e-01 1.69589347e-01 1.23567276e-01 ... 1.69423811e+02
 1.88740895e+02 1.93406287e+02]",5
"[2.05589763e-01 6.41486678e-02 1.00400942e-01 ... 1.98395269e+02
 1.98557592e+02 1.98398185e+02]",5
"[4.54638299e-01 5.56482858e-02 1.48898591e-01 ... 1.56292278e+02
 1.82079706e+02 1.99458217e+02]",5
"[1.76477080e-01 7.96657110e-02 1.77402842e-01 ... 2.00982574e+02
 2.01465558e+02 1.80809801e+02]",5
"[1.60692776e-01 9.65208485e-02 4.82007894e-02 ... 2.00969568e+02
 1.89848249e+02 1.86075277e+02]",5
"[2.23954922e-01 1.23444298e-01 1.99778322e-01 ... 2.01466992e+02
 1.76821719e+02 1.90317352e+02]",5
"[1.70159205e-01 1.36730319e-01 1.59030360e-01 ... 1.86045692e+02
 1.68015514e+02 1.82863874e+02]",5
"[2.07190877e-01 1.32497308e-01 2.23768230e-01 ... 1.81907157e+02
 1.90571110e+02 1.87057536e+02]",5
"[  0.           0.           0.         ... 164.82434336 195.41602412
 203.31858598]",5
"[2.30121075e-01 1.86947512e-01 1.26091775e-01 ... 1.87232994e+02
 1.80110156e+02 1.84623128e+02]",5
"[  0.3379839    0.23696005   0.30623328 ... 196.48459005 193.72956437
 171.37177453]",5
"[2.80689462e-01 5.55673944e-02 1.48630900e-01 ... 1.76712442e+02
 2.08247266e+02 2.12141499e+02]",5
"[2.21498989e-01 1.61499157e-01 1.04959437e-01 ... 1.97809878e+02
 1.91331213e+02 1.95152419e+02]",5
"[3.39551857e-01 1.84674521e-01 2.57820399e-02 ... 1.86835718e+02
 1.99063779e+02 1.96831894e+02]",5
"[2.41466235e-01 1.92490535e-01 2.41466235e-01 ... 2.07325080e+02
 1.62019657e+02 2.00964834e+02]",5
"[2.27755975e-01 1.04960595e-01 1.27131360e-01 ... 2.07650320e+02
 1.65733565e+02 1.94448846e+02]",5
"[2.83704205e-01 1.19472566e-01 3.09754819e-01 ... 1.97978013e+02
 1.96862168e+02 1.98720731e+02]",5
"[  0.           0.           0.         ... 187.47353165 191.29054047
 196.04324263]",5
"[2.35626747e-01 7.97393742e-02 1.51200101e-01 ... 1.87782749e+02
 1.75046416e+02 2.01997011e+02]",5
"[9.02795597e-02 0.00000000e+00 1.35619542e-01 ... 1.89547367e+02
 1.73672443e+02 1.93874805e+02]",5
"[1.82805838e-01 1.32573256e-01 1.07504334e-01 ... 1.93279070e+02
 1.89375822e+02 1.97640509e+02]",5
"[2.19748568e-01 1.42336711e-01 1.11921679e-01 ... 1.94989072e+02
 1.85950187e+02 2.05693141e+02]",5
"[1.70332153e-01 5.00393006e-02 1.70524961e-01 ... 1.48128649e+02
 1.79082758e+02 1.80334629e+02]",5
"[2.31486606e-01 1.51037838e-01 1.32471355e-01 ... 1.89638265e+02
 1.98655755e+02 1.99787951e+02]",5
"[2.29744296e-01 1.82966039e-01 5.95312076e-02 ... 1.84017307e+02
 1.87249368e+02 1.87493477e+02]",5
"[2.29742780e-01 2.29742780e-01 1.73221222e-01 ... 1.84637310e+02
 1.76898200e+02 1.73661518e+02]",5
"[2.21550618e-01 1.00661008e-01 8.13939169e-02 ... 1.82671077e+02
 1.91122334e+02 1.94742566e+02]",5
"[2.44569981e-01 9.11133571e-02 1.09758713e-01 ... 2.09311833e+02
 1.86619607e+02 1.84451170e+02]",5
"[2.76283142e-01 2.61074136e-02 1.40328527e-01 ... 1.95169378e+02
 1.94307400e+02 1.89784861e+02]",5
"[2.13697686e-01 6.76230010e-02 1.57349573e-01 ... 1.91296797e+02
 1.75126872e+02 1.72482606e+02]",5
"[  0.           0.           0.         ... 179.50500986 163.84511984
 182.52089663]",5
"[2.58190157e-01 1.18339005e-01 8.77027792e-02 ... 1.89325959e+02
 1.90027811e+02 1.75593852e+02]",5
"[2.75573616e-01 9.44246824e-02 1.04718131e-01 ... 1.60352874e+02
 1.66447500e+02 1.75128283e+02]",5
"[  0.           0.           0.         ... 191.77856913 199.22493676
 200.05872189]",5
"[1.76195785e-01 1.44301277e-01 1.14674808e-01 ... 1.82922446e+02
 1.59364720e+02 1.88961901e+02]",5
"[1.66785527e-01 1.87094270e-01 1.79491312e-01 ... 1.88784267e+02
 1.94181989e+02 2.03155827e+02]",5
"[  0.           0.           0.         ... 178.86579482 189.29015747
 189.13635199]",5
"[2.24267200e-01 1.31269693e-01 9.53602568e-02 ... 1.78232507e+02
 1.81825026e+02 1.91569253e+02]",5
"[  0.           0.           0.         ... 211.618878   198.03711246
 211.46597888]",5
"[2.36748902e-01 5.60782767e-02 1.49678371e-01 ... 2.03835743e+02
 1.97175648e+02 1.89861724e+02]",5
"[  0.           0.           0.         ... 187.55850978 189.05289151
 189.02522512]",5
"[2.22795770e-01 1.29372403e-01 1.02643048e-01 ... 1.65407497e+02
 1.61226104e+02 1.83527959e+02]",5
"[2.21759866e-01 1.45157838e-01 2.21759866e-01 ... 1.74160830e+02
 1.84917714e+02 1.98418357e+02]",5
"[2.23827193e-01 2.23827193e-01 1.95105122e-01 ... 2.07424852e+02
 1.94789626e+02 1.94893159e+02]",5
"[  0.           0.           0.         ... 184.87432816 200.02904602
 201.31697179]",5
"[2.25615056e-01 2.22659701e-01 1.11179959e-01 ... 2.01916976e+02
 2.01673080e+02 1.83469309e+02]",5
"[1.73998322e-01 1.23030138e-01 1.21280091e-01 ... 1.85323398e+02
 1.88868898e+02 1.93954466e+02]",5
"[2.39941657e-01 7.77993024e-02 5.04967310e-02 ... 1.90947423e+02
 1.82749381e+02 1.93640428e+02]",5
"[2.05823495e-01 1.73593239e-01 1.75257342e-01 ... 1.99754034e+02
 1.68997351e+02 1.92362285e+02]",5
"[2.46647971e-01 8.18151633e-02 1.31282557e-01 ... 1.80447371e+02
 2.11222360e+02 1.83653531e+02]",5
"[1.45534688e-01 1.51822184e-01 2.12976743e-01 ... 1.88446880e+02
 2.00692284e+02 1.95345962e+02]",5
"[2.26079892e-01 2.26079892e-01 1.13352039e-01 ... 2.05939797e+02
 1.96178544e+02 1.96656573e+02]",5
"[7.60399434e-02 0.00000000e+00 8.46953900e-02 ... 1.92159028e+02
 2.00916533e+02 2.02688664e+02]",5
"[2.38016338e-01 1.67173297e-02 2.38016338e-01 ... 1.74039548e+02
 1.93625922e+02 1.65364807e+02]",5
"[3.29630041e-01 0.00000000e+00 1.10876098e-02 ... 2.02040614e+02
 1.94976045e+02 2.02868668e+02]",5
"[2.31932600e-01 1.94007395e-01 1.19776699e-01 ... 1.68367770e+02
 1.94583846e+02 1.88221320e+02]",5
"[1.21007810e-01 1.75024633e-01 2.26262906e-01 ... 1.90368258e+02
 1.67570632e+02 1.76102434e+02]",5
"[1.80257715e-01 1.30472643e-01 9.35348632e-02 ... 1.92161284e+02
 1.84067057e+02 1.82237338e+02]",5
"[2.26601782e-01 9.24817079e-02 1.20636116e-01 ... 1.82615529e+02
 2.09287952e+02 1.76135155e+02]",5
"[2.31313470e-01 9.11099453e-02 1.56146140e-01 ... 1.89018448e+02
 1.85803385e+02 2.10172941e+02]",5
"[2.32945154e-01 3.66324845e-02 1.59512938e-01 ... 1.83947959e+02
 1.86614195e+02 1.83207394e+02]",6
"[3.01206262e-01 2.25129627e-01 1.42093150e-01 ... 1.83012925e+02
 1.95175538e+02 1.81896579e+02]",6
"[  0.           0.           0.         ... 202.98773366 207.76093132
 207.6081067 ]",6
"[3.96529712e-01 1.24847536e-01 1.46030003e-01 ... 2.16896140e+02
 2.28588963e+02 2.17678968e+02]",6
"[2.22348695e-01 6.37440882e-02 1.18889247e-01 ... 1.98014497e+02
 1.95215628e+02 1.92176813e+02]",6
"[4.03908678e-01 0.00000000e+00 1.73567418e-01 ... 1.97460257e+02
 1.72322599e+02 1.76062653e+02]",6
"[2.91150848e-01 4.49820438e-02 6.33238021e-02 ... 1.65788657e+02
 1.83287245e+02 1.98409698e+02]",6
"[9.60112064e-02 0.00000000e+00 7.75887681e-02 ... 1.83531670e+02
 1.55798065e+02 1.81953186e+02]",6
"[2.10823668e-01 1.89524235e-01 2.16195162e-01 ... 1.95718540e+02
 1.78320249e+02 1.80283640e+02]",6
"[1.38215286e-01 1.05648709e-01 1.67419824e-01 ... 1.82282711e+02
 1.61511739e+02 1.95558636e+02]",6
"[1.81092755e-01 5.62025524e-02 1.04547328e-01 ... 1.93042196e+02
 1.92100571e+02 1.82426287e+02]",6
"[2.35447088e-01 9.68181859e-02 1.69135268e-01 ... 1.96909995e+02
 1.85660659e+02 1.94541027e+02]",6
"[2.48380389e-01 2.96313508e-02 1.49239849e-01 ... 2.07659237e+02
 2.02064418e+02 1.75919875e+02]",6
"[2.42357450e-02 1.47071154e-02 1.58902648e-01 ... 1.85944958e+02
 1.98027010e+02 1.83186820e+02]",6
"[2.30447151e-01 1.37088965e-01 2.28640630e-01 ... 1.97176930e+02
 1.93575483e+02 1.83027888e+02]",6
"[  0.26086014   0.26086014   0.25643145 ... 198.87956677 184.15335173
 193.07118262]",6
"[2.32449535e-01 1.10054884e-01 1.60659801e-01 ... 1.90514389e+02
 1.83727878e+02 1.54636933e+02]",6
"[1.00019149e-01 0.00000000e+00 6.17123246e-02 ... 1.77936932e+02
 1.91827298e+02 1.95112782e+02]",6
"[2.35175874e-01 2.35175874e-01 7.45190052e-02 ... 1.76374086e+02
 1.86729063e+02 1.96321875e+02]",6
"[3.07965388e-01 1.27831070e-01 1.99838163e-01 ... 2.02925991e+02
 1.89211807e+02 1.86955794e+02]",6
"[3.03791757e-01 1.13772118e-01 1.28696135e-01 ... 2.06065143e+02
 2.08463917e+02 2.02223448e+02]",6
"[3.65350438e-01 2.03213848e-01 9.98758455e-02 ... 2.09222677e+02
 1.90171177e+02 2.18357316e+02]",6
"[  0.           0.           0.         ... 172.6732545  188.49556074
 191.9130541 ]",6
"[  0.22183129   0.23092433   0.23092433 ... 200.02806107 190.74914422
 211.6840657 ]",6
"[2.10350769e-01 9.49931803e-02 1.01257496e-01 ... 1.92272810e+02
 2.00845224e+02 2.02045519e+02]",6
"[2.15654542e-01 5.13974782e-02 2.15654542e-01 ... 1.78889064e+02
 1.69208181e+02 1.81405888e+02]",6
"[2.22704618e-01 2.22704618e-01 1.48245266e-01 ... 1.97008293e+02
 1.87910884e+02 1.94417830e+02]",6
"[2.33223602e-01 1.29181951e-01 2.33223602e-01 ... 1.89236297e+02
 1.83865988e+02 1.80175615e+02]",6
"[1.93010376e-01 1.42021243e-01 3.24342566e-02 ... 1.86518955e+02
 2.04796540e+02 1.90826802e+02]",6
"[  0.           0.           0.         ... 201.40373768 204.02924728
 198.63386306]",6
"[1.76748829e-01 1.34931730e-01 7.20672437e-02 ... 1.95166088e+02
 1.69508007e+02 1.84837124e+02]",6
"[2.25794784e-01 9.76420076e-02 1.78541844e-02 ... 1.81479281e+02
 1.88561491e+02 1.94037748e+02]",6
"[2.25360390e-01 4.81561780e-02 1.17312979e-01 ... 1.86582955e+02
 1.98324072e+02 2.08516458e+02]",6
"[3.42922092e-01 3.64795401e-02 5.78082201e-02 ... 2.01201647e+02
 1.99807913e+02 1.89290578e+02]",6
"[1.65699676e-01 1.50683012e-01 9.67886908e-02 ... 1.48232198e+02
 1.53215339e+02 1.97268904e+02]",6
"[2.32743897e-01 4.26841535e-02 6.74089725e-02 ... 1.77803950e+02
 1.90307033e+02 2.03537411e+02]",6
"[2.43329381e-01 1.84789845e-01 2.43329381e-01 ... 1.96802189e+02
 2.01043403e+02 1.71667972e+02]",6
"[2.20727903e-01 8.74132664e-02 1.12163659e-01 ... 1.93023708e+02
 1.80595458e+02 1.73726541e+02]",6
"[  0.           0.           0.         ... 130.97482546 180.52516659
 180.48958522]",6
"[3.30388843e-01 1.06772422e-01 1.26066263e-01 ... 2.08010667e+02
 1.96842003e+02 2.11645037e+02]",6
"[1.93668399e-01 1.14683744e-01 7.29108881e-02 ... 1.26734301e+02
 1.78722396e+02 1.87796399e+02]",6
"[  0.           0.           0.         ... 164.91427041 198.93199477
 206.22092137]",6
"[  0.           0.           0.         ... 173.27933393 196.55460928
 202.6537854 ]",6
"[  0.           0.           0.         ... 177.28167773 197.47089477
 202.50706486]",6
"[2.53231812e-01 1.96595849e-01 1.41593775e-01 ... 1.75486832e+02
 1.93146499e+02 2.02518615e+02]",6
"[1.74789600e-01 1.07292141e-01 1.65081096e-01 ... 1.92280320e+02
 2.09292013e+02 2.16699737e+02]",6
"[  0.           0.           0.         ... 183.00397414 192.03588772
 193.13243217]",6
"[  0.           0.           0.         ... 196.64199449 202.77426473
 196.05345772]",6
"[  0.           0.           0.         ... 198.16322554 157.88039959
 174.13111125]",6
"[2.41377552e-01 1.55096910e-01 2.41377552e-01 ... 1.88552213e+02
 1.89342027e+02 1.78446477e+02]",6
"[2.66254009e-01 5.34682483e-02 1.57670305e-01 ... 1.99163079e+02
 1.89795210e+02 1.89431983e+02]",6
"[  0.           0.           0.         ... 186.52133789 193.82044866
 175.00301868]",6
"[2.45070856e-01 4.27075799e-02 2.17829116e-01 ... 1.92785392e+02
 1.70056696e+02 1.84438547e+02]",6
"[2.38327425e-01 1.50741214e-01 1.02859154e-01 ... 1.72363556e+02
 2.00492662e+02 1.83561577e+02]",6
"[  0.           0.           0.         ... 171.64443725 190.26809839
 172.21926771]",6
"[  0.           0.           0.         ... 187.39970819 183.65130924
 188.34525045]",6
"[2.21018869e-01 1.45212344e-01 2.21018869e-01 ... 1.94668992e+02
 1.80404612e+02 2.03223336e+02]",6
"[2.28757480e-01 1.95702957e-01 6.71227630e-02 ... 1.97220721e+02
 1.81128685e+02 1.67641524e+02]",6
"[  0.           0.           0.         ... 183.63906918 199.06634543
 167.43696881]",6
"[1.97842143e-01 7.56524743e-02 1.68720211e-01 ... 1.67453633e+02
 1.76298485e+02 1.56815775e+02]",6
"[2.64343314e-01 1.01725978e-01 5.37583795e-02 ... 1.95377816e+02
 1.88578467e+02 1.65815581e+02]",6
"[2.19442965e-01 1.43557722e-01 1.08351587e-01 ... 2.02505523e+02
 1.78020765e+02 2.06462829e+02]",6
"[1.47305567e-01 1.76084827e-01 6.57844989e-02 ... 2.08128678e+02
 2.11015239e+02 1.84671133e+02]",6
"[1.27589985e-01 2.25318017e-01 1.47243890e-01 ... 1.52420621e+02
 1.82742740e+02 1.92971641e+02]",6
"[2.38062010e-01 1.33121417e-01 1.30740667e-01 ... 1.83885788e+02
 1.96925018e+02 1.80017049e+02]",6
"[  0.23798235   0.           0.         ... 195.10155183 191.9021495
 190.24833684]",6
"[2.83208294e-01 2.34967412e-01 1.85862004e-01 ... 1.81490405e+02
 2.01059204e+02 1.23081301e+02]",6
"[2.51817138e-01 1.19883555e-01 1.82646959e-01 ... 2.01033737e+02
 1.78303101e+02 1.84204987e+02]",6
"[0.00000000e+00 0.00000000e+00 1.23805716e-01 ... 1.79353663e+02
 1.96042438e+02 1.78684045e+02]",7
"[  0.           0.           0.         ... 197.53516663 189.11938604
 185.95650452]",7
"[  0.           0.           0.         ... 196.29798999 177.55135944
 164.44722587]",7
"[2.19370221e-01 1.58982800e-01 4.84462856e-02 ... 1.94806088e+02
 1.80715710e+02 1.90250561e+02]",7
"[2.39397186e-01 1.28637723e-01 2.39397186e-01 ... 1.89514810e+02
 2.05759140e+02 1.91625829e+02]",7
"[2.26630325e-01 1.44842992e-01 1.27901714e-01 ... 1.87585098e+02
 1.91565481e+02 1.87405048e+02]",7
"[2.25174547e-01 2.25174547e-01 1.14205536e-01 ... 2.08430129e+02
 2.07654442e+02 2.02647754e+02]",7
"[1.33988307e-01 1.16041345e-01 8.32497988e-02 ... 2.00645012e+02
 2.04424279e+02 2.04695825e+02]",7
"[  0.23603701   0.20457605   0.22245545 ... 172.0053954  191.04629809
 199.75201375]",7
"[7.34598863e-02 0.00000000e+00 1.67686547e-02 ... 1.79804050e+02
 2.00156124e+02 1.88208690e+02]",7
"[  0.           0.           0.         ... 189.34282781 188.44858029
 203.01991211]",7
"[  0.33527478   0.           0.         ... 185.58372196 188.26405947
 147.74894225]",7
"[1.33746841e-01 2.24347968e-03 1.75993025e-03 ... 1.43845253e+02
 1.86677910e+02 1.98944453e+02]",7
"[2.22863562e-01 1.13190245e-01 1.26040508e-01 ... 1.90898755e+02
 1.93337984e+02 1.89676132e+02]",7
"[  0.           0.           0.         ... 190.4814152  185.27192954
 189.19382093]",7
"[  0.           0.           0.         ... 193.90832263 187.7804445
 175.58814504]",7
"[  0.           0.           0.         ... 192.47809537 188.31174986
 165.44110322]",7
"[  0.           0.           0.         ... 205.02418512 189.13998596
 200.34560518]",7
"[  0.23111462   0.28300896   0.22991057 ... 185.9606861  175.97599332
 213.20121163]",7
"[1.47100521e-01 0.00000000e+00 0.00000000e+00 ... 1.85046071e+02
 1.94424220e+02 1.77873770e+02]",7
"[2.20415037e-01 8.49886129e-02 3.36947647e-02 ... 1.59516783e+02
 2.00686509e+02 1.96750423e+02]",7
"[2.19265245e-01 1.73737993e-01 1.51973739e-01 ... 2.13343431e+02
 1.96610397e+02 1.96540125e+02]",7
"[2.47625043e-01 5.90298522e-02 0.00000000e+00 ... 1.77644213e+02
 1.95168678e+02 2.00066647e+02]",7
"[3.15939892e-01 1.69230699e-01 8.38315340e-02 ... 1.92059583e+02
 1.88571607e+02 1.99245138e+02]",7
"[2.26856237e-01 2.26856237e-01 6.14139846e-02 ... 1.98765153e+02
 1.74908174e+02 1.94820443e+02]",7
"[  0.           0.           0.         ... 193.92194075 190.8117727
 187.90731726]",7
"[2.30054033e-01 2.30054033e-01 8.76239754e-02 ... 1.95183791e+02
 1.92407045e+02 1.85379691e+02]",7
"[1.38639873e-01 1.91586065e-01 1.33243577e-01 ... 1.95563135e+02
 1.84964646e+02 1.98391143e+02]",7
"[1.69066489e-01 1.94777490e-01 2.72933706e-01 ... 1.96431551e+02
 1.86023955e+02 1.90189281e+02]",7
"[2.34587068e-01 1.20444868e-01 1.27896793e-01 ... 2.01427761e+02
 1.95707487e+02 1.68875676e+02]",7
"[  0.22098569   0.20015574   0.22098569 ... 197.7047211  197.08657428
 186.21908972]",7
"[2.56276229e-01 2.56276229e-01 1.27956852e-01 ... 1.95209615e+02
 1.97191527e+02 2.10863990e+02]",7
"[2.18354101e-01 8.59661431e-02 1.38979333e-01 ... 1.90730345e+02
 2.04989134e+02 2.03090131e+02]",7
"[2.20339890e-01 1.28274329e-01 1.68368460e-01 ... 2.10910171e+02
 1.91154003e+02 1.93314843e+02]",7
"[1.64090243e-01 5.23595033e-02 1.22737790e-01 ... 1.92002392e+02
 1.89270601e+02 1.66409825e+02]",7
"[7.92331529e-02 4.28075840e-02 1.34133757e-01 ... 1.71671593e+02
 1.69320196e+02 1.87501471e+02]",7
"[  0.           0.           0.         ... 190.34459217 203.31651588
 198.76680156]",7
"[  0.32631847   0.32631847   0.32631847 ... 185.14622093 184.88857955
 183.17361607]",7
"[  0.26355054   0.21111735   0.26355054 ... 161.80037273 186.86172676
 197.4210113 ]",7
"[2.35079083e-01 2.35079083e-01 1.13088532e-01 ... 2.02981510e+02
 1.83648109e+02 1.93375199e+02]",7
"[1.93786354e-01 1.43251128e-02 0.00000000e+00 ... 1.82959673e+02
 1.81336019e+02 1.61406912e+02]",7
"[2.11749738e-01 2.11749738e-01 1.52756035e-01 ... 1.86151978e+02
 1.96121241e+02 1.71134673e+02]",7
"[1.26087841e-01 1.77912675e-01 8.55237926e-02 ... 1.69120812e+02
 1.66964334e+02 1.81777410e+02]",7
"[  0.           0.           0.         ... 199.58420559 205.74633237
 200.35161441]",7
"[3.48135488e-01 6.90946627e-02 3.71213866e-04 ... 1.92617598e+02
 1.79065155e+02 1.88430757e+02]",7
"[2.27782389e-01 1.19595125e-01 6.03924392e-02 ... 1.71513103e+02
 2.03274293e+02 1.86839697e+02]",7
"[2.86101907e-01 7.11927390e-02 1.25612173e-01 ... 1.81517818e+02
 1.90035289e+02 1.99801247e+02]",7
"[1.90701922e-01 1.58669471e-01 3.24678398e-01 ... 1.84432568e+02
 1.95773053e+02 1.51516807e+02]",7
"[  0.           0.           0.         ... 175.14008788 182.82750325
 174.99212644]",7
"[2.67644256e-01 1.21132208e-01 1.21997363e-01 ... 1.85930824e+02
 1.63240688e+02 1.98100554e+02]",7
"[  0.           0.           0.         ... 172.0738107  177.03570584
 182.49046694]",7
"[  0.           0.           0.         ... 154.80866386 172.79581142
 193.35767073]",7
"[3.90842686e-01 5.38539780e-02 6.39057776e-02 ... 1.88131799e+02
 1.75924473e+02 2.02546979e+02]",7
"[  0.5          0.           0.         ... 193.91103074 182.57496638
 184.18278726]",7
"[2.22642462e-01 1.58491312e-01 6.54477840e-02 ... 1.86545627e+02
 1.90311079e+02 1.81958874e+02]",7
"[  0.           0.           0.         ... 196.49454867 187.77145253
 168.8592389 ]",7
"[2.24071287e-01 2.14865986e-01 1.81000237e-01 ... 1.63111975e+02
 1.80244523e+02 1.89050346e+02]",7
"[0.00000000e+00 2.24017653e-03 0.00000000e+00 ... 1.88972239e+02
 1.91527012e+02 1.79608650e+02]",7
"[3.10867432e-01 6.44062287e-02 3.42396280e-01 ... 1.92051011e+02
 1.82947239e+02 1.81185043e+02]",7
"[2.37362649e-01 9.80740866e-02 2.21749159e-02 ... 1.99838624e+02
 1.81057858e+02 1.93479886e+02]",7
"[6.92639612e-02 1.59070603e-01 1.16146343e-01 ... 1.48404340e+02
 1.86894921e+02 1.92332552e+02]",7
"[  0.32737834   0.           0.22499797 ... 166.27568097 173.93425467
 170.67957161]",7
"[  0.           0.           0.         ... 189.1262648  185.6752696
 177.74189381]",7
"[1.81417719e-01 2.31663927e-01 8.59436110e-02 ... 1.83008760e+02
 1.91640123e+02 1.93152579e+02]",7
"[2.71006235e-01 7.87215440e-02 1.07393209e-01 ... 1.48608073e+02
 1.79813161e+02 1.82815218e+02]",7
"[2.57760923e-01 6.52530789e-02 2.32992119e-01 ... 1.77090547e+02
 2.00005662e+02 1.84995867e+02]",7
"[2.51833460e-01 0.00000000e+00 2.19998261e-02 ... 1.73251993e+02
 1.89737174e+02 1.72761298e+02]",7
"[1.08209006e-01 6.94398844e-02 1.69249320e-01 ... 1.90054012e+02
 1.86383520e+02 1.95401306e+02]",7
"[6.27517109e-01 8.02461234e-02 7.67423464e-02 ... 2.01240276e+02
 1.88241226e+02 2.00854102e+02]",7
"[2.17504360e-01 8.39890842e-02 1.27668669e-01 ... 1.72501987e+02
 1.74270619e+02 2.09337293e+02]",8
"[  0.           0.           0.         ... 167.04514749 190.28670057
 195.11367057]",8
"[2.27587567e-01 1.38176746e-01 2.27587567e-01 ... 1.76940753e+02
 2.01629953e+02 1.86932414e+02]",8
"[  0.           0.           0.         ... 180.33509848 205.83673959
 203.05619809]",8
"[9.49333716e-02 0.00000000e+00 0.00000000e+00 ... 1.88307949e+02
 1.92109448e+02 1.93810311e+02]",8
"[2.21145001e-01 2.21145001e-01 2.93866068e-02 ... 1.88281630e+02
 1.89886765e+02 1.93865291e+02]",8
"[  0.           0.           0.         ... 182.72291081 183.99213861
 175.03659651]",8
"[2.41664912e-01 7.76582982e-02 8.15175340e-03 ... 1.84995424e+02
 2.01371274e+02 1.89396886e+02]",8
"[2.23502141e-01 2.23502141e-01 5.88638505e-02 ... 1.89878452e+02
 1.93352225e+02 1.98650016e+02]",8
"[1.23795605e-01 1.63333616e-01 1.72698417e-01 ... 1.89449344e+02
 1.88101472e+02 1.93374726e+02]",8
"[2.23476659e-01 2.23476659e-01 1.36780389e-01 ... 1.77188848e+02
 1.91249763e+02 1.99932089e+02]",8
"[2.32684767e-01 1.54027014e-01 1.16599371e-01 ... 1.94582346e+02
 1.77967780e+02 1.98107059e+02]",8
"[3.26571882e-01 1.97105996e-01 3.26352346e-01 ... 1.54542771e+02
 1.86653619e+02 1.97671877e+02]",8
"[2.67685363e-01 0.00000000e+00 2.33355959e-02 ... 2.02189678e+02
 1.91343778e+02 2.02957565e+02]",8
"[  0.           0.           0.         ... 201.51949994 216.26236375
 204.14702247]",8
"[2.56821118e-01 9.08180635e-02 5.87561097e-02 ... 1.76186119e+02
 1.92090467e+02 1.73413493e+02]",8
"[  0.           0.           0.         ... 183.78356846 192.02157032
 189.0810222 ]",8
"[2.86809422e-01 1.02279077e-01 1.12254598e-01 ... 1.87200534e+02
 1.88030002e+02 1.80487875e+02]",8
"[  0.22916942   0.20956564   0.22916942 ... 190.02308451 188.72775921
 192.47566149]",8
"[  0.           0.           0.         ... 168.81865638 185.23878288
 201.49396498]",8
"[  0.           0.           0.         ... 189.2146365  193.57597099
 208.5148204 ]",8
"[2.20468214e-01 6.19592508e-02 8.27261131e-02 ... 1.90961137e+02
 2.06267666e+02 1.81786803e+02]",8
"[2.35928323e-01 1.86811167e-01 2.15596640e-01 ... 1.82929369e+02
 1.79681721e+02 2.08801435e+02]",8
"[  0.           0.           0.         ... 189.54567688 202.71923756
 189.15612401]",8
"[2.03721976e-01 1.88447918e-01 1.72145112e-01 ... 1.96482645e+02
 2.02108173e+02 2.01163909e+02]",8
"[2.17903337e-01 1.74832545e-01 1.13305378e-01 ... 2.10165185e+02
 1.83174024e+02 1.74315158e+02]",8
"[  0.           0.           0.         ... 205.20322939 207.08897337
 192.97615011]",8
"[2.28637474e-01 9.32994891e-02 2.02563517e-01 ... 1.86907154e+02
 1.92157623e+02 1.89855951e+02]",8
"[3.57961809e-01 4.93065694e-02 1.69181669e-01 ... 2.02199102e+02
 1.77794690e+02 1.90111029e+02]",8
"[2.27372541e-01 1.56375226e-01 1.03874725e-01 ... 1.97014991e+02
 2.03636588e+02 1.88687953e+02]",8
"[2.91125076e-01 1.37855158e-01 2.29709683e-01 ... 1.78664342e+02
 2.04165387e+02 2.02890609e+02]",8
"[  0.23196835   0.18508493   0.205666   ... 150.48952121 177.24364472
 183.02761578]",8
"[1.04590479e-01 0.00000000e+00 3.76369645e-04 ... 1.81518283e+02
 1.96486524e+02 1.90623542e+02]",8
"[1.76040607e-01 1.76907158e-01 1.46239112e-01 ... 1.78970851e+02
 1.96835809e+02 1.95695671e+02]",8
"[  0.           0.           0.         ... 192.91032839 208.33972411
 185.15855445]",8
"[  0.3436303    0.           0.         ... 173.04680992 173.11997849
 177.18455885]",8
"[  0.           0.           0.         ... 193.17935692 184.86875845
 194.69547278]",8
"[  0.           0.           0.         ... 201.85613652 183.4109664
 198.83940688]",8
"[2.01643558e-01 9.25340727e-02 3.92965784e-02 ... 1.56996556e+02
 1.98710904e+02 2.02963114e+02]",8
"[2.27119582e-01 8.83695662e-02 1.09216444e-01 ... 1.91725565e+02
 2.01512080e+02 1.80478355e+02]",8
"[2.76653756e-01 6.22805732e-02 8.11564164e-02 ... 1.97613900e+02
 1.92485544e+02 1.88580144e+02]",8
"[1.29942742e-01 7.26901654e-02 8.24687490e-02 ... 1.70970696e+02
 2.06174917e+02 2.04634818e+02]",8
"[3.27951938e-01 9.54759950e-02 4.80023322e-02 ... 1.88827950e+02
 1.93440399e+02 1.99548550e+02]",8
"[2.22520668e-01 1.21729592e-01 2.29560687e-01 ... 1.76503682e+02
 1.60956640e+02 2.00608383e+02]",8
"[2.63291923e-01 1.02037182e-02 8.48536640e-02 ... 1.85399001e+02
 1.73784369e+02 1.89232180e+02]",8
"[  0.           0.           0.         ... 176.59452311 190.06532132
 187.26491508]",8
"[2.30390772e-01 7.78155815e-02 2.30390772e-01 ... 1.63464517e+02
 1.90156248e+02 1.70679183e+02]",8
"[2.30891686e-01 1.13357685e-01 2.30891686e-01 ... 1.80304006e+02
 1.75639091e+02 1.91248169e+02]",8
"[3.91040964e-01 8.23741886e-02 0.00000000e+00 ... 1.87444895e+02
 1.75859436e+02 1.50559402e+02]",8
"[3.14402298e-01 1.71186902e-01 7.89564638e-02 ... 1.81246979e+02
 1.62861441e+02 1.83642174e+02]",8
"[1.66750759e-01 1.26188350e-01 1.41359779e-01 ... 1.92312753e+02
 1.98871391e+02 2.05456158e+02]",8
"[2.07017973e-01 4.75819848e-02 3.95038612e-02 ... 1.61377304e+02
 2.02408086e+02 1.84903492e+02]",8
"[1.88197383e-01 5.81462482e-02 1.04703678e-01 ... 1.74623375e+02
 2.08040010e+02 2.08589796e+02]",8
"[  0.           0.           0.         ... 203.68260632 168.98002673
 201.73639279]",8
"[9.90328566e-04 0.00000000e+00 1.38735530e-03 ... 2.08037701e+02
 1.96606941e+02 2.05088803e+02]",8
"[  0.           0.           0.         ... 175.0640555  189.43665584
 193.42844443]",8
"[2.25880417e-01 9.64215710e-02 1.98014791e-01 ... 1.90922237e+02
 2.11685458e+02 2.03250251e+02]",8
"[2.33951503e-01 1.92742087e-01 1.23321025e-01 ... 2.03577903e+02
 1.82973217e+02 1.73718795e+02]",8
"[1.69906138e-01 1.77064554e-01 1.64975828e-01 ... 1.63730251e+02
 1.91684379e+02 2.00997917e+02]",8
"[2.00719254e-01 6.78437135e-02 2.61564892e-01 ... 1.92202334e+02
 1.84334689e+02 2.04072694e+02]",8
"[1.00958511e-01 0.00000000e+00 0.00000000e+00 ... 1.93604391e+02
 2.03299483e+02 1.90173643e+02]",8
"[  0.           0.           0.         ... 178.7379986  184.06501661
 186.36660247]",8
"[2.19105418e-01 1.06729779e-01 1.68661762e-01 ... 1.87616860e+02
 1.70278831e+02 1.99586270e+02]",8
"[2.25885277e-01 1.29167321e-01 1.17183778e-01 ... 1.84062089e+02
 1.92203779e+02 1.68558993e+02]",8
"[1.59720999e-01 2.03997909e-01 4.67652462e-02 ... 1.75410365e+02
 2.04216663e+02 1.66246420e+02]",8
"[1.51969396e-01 1.54930054e-01 2.53705545e-01 ... 1.94069323e+02
 1.88491411e+02 2.04425460e+02]",8
"[2.32832543e-01 1.61196500e-01 2.34186446e-01 ... 2.00359142e+02
 2.09781410e+02 1.98580576e+02]",8
"[  0.29482322   0.           0.23995937 ... 149.23038056 164.1831471
 194.49875108]",8
"[2.88652580e-01 7.23238424e-02 0.00000000e+00 ... 1.77585687e+02
 1.84256920e+02 1.92126305e+02]",8
"[2.58707430e-01 2.91961643e-02 1.15698907e-01 ... 1.93112436e+02
 1.88684326e+02 1.67349137e+02]",8
"[2.19548553e-01 9.22347489e-02 1.60556811e-01 ... 1.94769770e+02
 1.86582670e+02 1.85451276e+02]",8
"[  0.           0.           0.         ... 175.87417127 190.20116722
 169.09549288]",8
"[2.30825070e-01 1.80238896e-01 2.37540284e-01 ... 1.80005239e+02
 1.98956460e+02 2.07892344e+02]",8
"[2.71495388e-01 4.96336549e-02 2.71495388e-01 ... 2.01976455e+02
 1.85977565e+02 1.76647609e+02]",8
"[2.41324357e-01 3.68025477e-02 9.89523629e-02 ... 2.07387238e+02
 1.80375907e+02 1.86722542e+02]",8
"[2.22413377e-01 5.80799314e-02 3.09260521e-02 ... 1.82707150e+02
 1.81024435e+02 1.87471366e+02]",9
"[  0.           0.           0.         ... 195.33648706 192.47604823
 201.05192865]",9
"[3.10144182e-01 0.00000000e+00 7.07441964e-02 ... 1.90472763e+02
 1.93717149e+02 1.92300772e+02]",9
"[3.10144182e-01 0.00000000e+00 7.07441964e-02 ... 1.90472763e+02
 1.93717149e+02 1.92300772e+02]",9
"[2.24890981e-01 9.05844769e-02 2.24890981e-01 ... 1.38377818e+02
 1.88348417e+02 2.03987833e+02]",9
"[2.73731443e-01 1.23009657e-01 2.24790968e-01 ... 2.01652037e+02
 2.00294331e+02 1.78231394e+02]",9
"[2.15914545e-01 1.39778649e-01 2.16758038e-01 ... 1.94931126e+02
 1.77683910e+02 1.75138921e+02]",9
"[1.68735197e-01 1.98069018e-01 2.29374981e-01 ... 1.87423265e+02
 1.98037617e+02 1.82994749e+02]",9
"[  0.           0.           0.         ... 203.52967643 191.13986039
 206.36333009]",9
"[2.25876202e-01 1.69724620e-01 2.25876202e-01 ... 1.98248794e+02
 1.74399039e+02 1.98831262e+02]",9
"[2.31103202e-01 1.07928140e-01 1.05514703e-01 ... 1.53050151e+02
 2.07760666e+02 1.90830519e+02]",9
"[2.55780443e-01 1.76786818e-01 9.11952510e-02 ... 1.92225887e+02
 1.92237826e+02 1.85181209e+02]",9
"[  0.           0.           0.         ... 175.48299187 186.85598337
 185.79711192]",9
"[2.32076995e-01 7.65467554e-02 8.10875942e-02 ... 1.98023138e+02
 1.98903260e+02 1.96919873e+02]",9
"[  0.           0.           0.         ... 201.92296477 206.51002919
 185.92149912]",9
"[2.30171356e-01 1.29648917e-01 1.25269517e-01 ... 1.90143173e+02
 1.99979768e+02 1.99591009e+02]",9
"[  0.           0.           0.         ... 169.30127728 180.66529406
 187.38390355]",9
"[2.18001968e-01 2.18001968e-01 1.84358251e-01 ... 1.74658344e+02
 1.81908185e+02 1.94904005e+02]",9
"[  0.37593038   0.           0.         ... 189.07295332 168.9338216
 203.51862253]",9
"[  0.2871393    0.27190854   0.23425816 ... 173.56455869 194.29092409
 192.96077155]",9
"[  0.22048323   0.22048323   0.22048323 ... 199.70699175 186.39855501
 184.32250814]",9
"[7.26739076e-02 1.05118666e-01 4.06339394e-02 ... 1.85316531e+02
 1.97745070e+02 1.94580459e+02]",9
"[1.52094147e-01 0.00000000e+00 0.00000000e+00 ... 1.93216978e+02
 1.95955210e+02 1.91718632e+02]",9
"[2.19629362e-01 0.00000000e+00 1.21455018e-01 ... 1.94785598e+02
 1.59230821e+02 1.91870006e+02]",9
"[2.25668523e-01 5.44497616e-02 1.61798485e-01 ... 2.00857810e+02
 2.00500147e+02 1.75925345e+02]",9
"[2.35461910e-01 2.04421006e-01 1.81144247e-01 ... 1.95336869e+02
 1.91624784e+02 1.82563939e+02]",9
"[  0.           0.           0.         ... 175.54928144 184.74969082
 192.42948312]",9
"[  0.37931173   0.           0.         ... 200.70666774 191.83237879
 177.51716865]",9
"[2.99286522e-01 7.75648954e-02 1.17624348e-01 ... 1.80235123e+02
 1.94893742e+02 2.03216630e+02]",9
"[2.79537049e-01 9.87497664e-02 0.00000000e+00 ... 1.93110156e+02
 1.96349139e+02 1.89607736e+02]",9
"[2.33467810e-01 1.15511049e-01 2.33467810e-01 ... 1.96995275e+02
 1.83406997e+02 1.96750011e+02]",9
"[  0.41301615   0.           0.22313623 ... 195.2148108  200.46362891
 194.17114635]",9
"[2.66576871e-01 2.92322359e-02 0.00000000e+00 ... 2.00648507e+02
 1.91298888e+02 1.95046452e+02]",9
"[2.25402324e-01 9.19480331e-02 3.16366892e-02 ... 1.12407078e+02
 2.01803709e+02 1.91097812e+02]",9
"[2.13175997e-01 1.30889263e-01 1.71071010e-01 ... 2.06908502e+02
 1.89917098e+02 1.71708854e+02]",9
"[2.53094740e-01 1.68714537e-01 1.92667921e-01 ... 1.97821879e+02
 2.03176434e+02 2.03259394e+02]",9
"[4.46932799e-01 1.90603176e-01 0.00000000e+00 ... 1.96668645e+02
 1.96648184e+02 1.83816737e+02]",9
"[2.22185227e-01 1.53799538e-01 2.09320040e-01 ... 1.79592800e+02
 1.94195279e+02 1.87041639e+02]",9
"[2.35697541e-01 1.92181265e-01 1.23196237e-01 ... 1.93366908e+02
 1.90707659e+02 1.82089692e+02]",9
"[1.18980982e-01 1.02812146e-01 2.72174472e-02 ... 1.85903620e+02
 1.89782302e+02 1.92639711e+02]",9
"[2.24113813e-01 1.90647801e-01 1.08215777e-01 ... 1.78029509e+02
 1.66924199e+02 1.99208264e+02]",9
"[2.27940138e-01 1.16549976e-01 1.06483603e-01 ... 1.49368547e+02
 1.73190065e+02 2.02833131e+02]",9
"[3.04611284e-01 7.94239894e-02 5.14994382e-02 ... 2.00074794e+02
 1.80300882e+02 1.98625368e+02]",9
"[2.25022972e-01 6.46120085e-02 8.15586496e-02 ... 1.60939434e+02
 2.01683194e+02 1.92832286e+02]",9
"[2.97148193e-01 0.00000000e+00 7.82326459e-02 ... 2.06174747e+02
 2.04142734e+02 1.98069581e+02]",9
"[2.52135709e-01 4.75041923e-02 2.62009763e-02 ... 2.10632298e+02
 2.00516592e+02 1.92241694e+02]",9
"[  0.           0.           0.         ... 186.52365128 199.2199219
 197.13513883]",9
"[  0.5          0.           0.         ... 193.76652262 180.19055243
 187.58138292]",9
"[  0.           0.           0.         ... 190.63793093 195.37286017
 184.95288377]",9
"[  0.5          0.           0.         ... 144.64688757 193.96864735
 190.3788412 ]",9
"[  0.           0.           0.         ... 147.16533764 210.25702251
 200.94209687]",9
"[1.60817396e-01 1.04544145e-01 1.30975442e-01 ... 1.77168671e+02
 1.93525068e+02 1.69345769e+02]",9
"[1.81114705e-01 9.32625464e-02 1.66433217e-01 ... 2.02797836e+02
 1.87547629e+02 2.06268192e+02]",9
"[  0.           0.           0.         ... 181.4584651  189.80011571
 183.95319132]",9
"[  0.5          0.           0.         ... 200.03780524 177.31620772
 189.06180584]",9
"[2.43759484e-01 1.12909160e-01 1.84723832e-01 ... 2.05246204e+02
 2.02416581e+02 1.72154612e+02]",9
"[1.54044114e-01 3.83662513e-02 2.76443809e-02 ... 1.92952241e+02
 1.75267935e+02 1.68502650e+02]",9
"[2.43948756e-01 1.42483154e-01 3.10866369e-02 ... 1.67692913e+02
 1.74650697e+02 1.83653227e+02]",9
"[2.30852063e-01 1.10963881e-01 2.30852063e-01 ... 2.01008898e+02
 1.95802202e+02 2.08669123e+02]",9
"[  0.3760847    0.           0.         ... 185.75514014 206.53195582
 204.60293463]",9
"[2.55188527e-01 0.00000000e+00 3.38538596e-04 ... 1.98788409e+02
 1.71312075e+02 2.10503152e+02]",9
"[  0.51935732   0.           0.         ... 160.61599742 201.93710084
 203.05592123]",9
"[  0.27034919   0.20447109   0.27034919 ... 187.13606013 196.8443061
 197.60653825]",9
"[3.24727336e-01 1.78613072e-01 2.22994521e-01 ... 1.98071893e+02
 2.00725240e+02 2.02408044e+02]",9
"[2.19981253e-01 1.22069639e-01 6.16799414e-02 ... 1.95716916e+02
 1.91701053e+02 1.65581941e+02]",9
"[2.77730199e-01 1.08208883e-01 2.40526840e-01 ... 1.80438798e+02
 1.86518415e+02 1.91270265e+02]",9
"[  0.           0.           0.         ... 193.30651422 180.85756149
 197.00500355]",9
"[2.17628480e-01 7.02556850e-02 1.06706877e-01 ... 2.00285567e+02
 1.69402930e+02 1.77478650e+02]",9
"[2.43568565e-01 6.74910726e-02 2.38478210e-01 ... 1.92113479e+02
 1.88685711e+02 1.75186866e+02]",9
"[1.33849317e-01 0.00000000e+00 1.73764482e-01 ... 1.76591494e+02
 1.80156044e+02 1.95544382e+02]",9
"[2.42030401e-01 1.84598055e-01 2.42030401e-01 ... 1.85850617e+02
 2.00958616e+02 1.74153195e+02]",9
"[2.32889172e-01 8.62879783e-02 7.22918335e-02 ... 1.85628737e+02
 1.92867864e+02 1.86090940e+02]",9
"[2.20694801e-01 8.13851111e-02 2.20694801e-01 ... 2.01760288e+02
 1.89316893e+02 1.89390316e+02]",9
"[2.49603692e-01 1.66317394e-01 9.20330303e-02 ... 2.02879421e+02
 1.91861432e+02 1.69378695e+02]",9
"[  0.474052     0.           0.         ... 207.64645848 200.7639267
 191.84242027]",9
"[3.34000388e-01 1.33164757e-01 4.05134793e-02 ... 1.97095245e+02
 1.87737545e+02 1.80582231e+02]",9
"[2.33553126e-01 1.41255294e-01 2.12341277e-01 ... 1.96488523e+02
 1.88978874e+02 2.01637392e+02]",9
"[  0.42877418   0.           0.         ... 199.58895641 198.3692493
 201.53202296]",9
"[3.01899563e-01 1.22293160e-01 3.51414408e-02 ... 1.92899182e+02
 1.78582232e+02 1.85073272e+02]",9
"[2.16979341e-01 1.33604051e-01 1.92529390e-01 ... 2.00276901e+02
 1.81941990e+02 1.79384603e+02]",9
"[  0.           0.           0.         ... 187.91693945 161.53042099
 192.71970966]",9
"[3.52486170e-01 5.72962188e-02 6.58619558e-02 ... 1.75428117e+02
 1.77879633e+02 1.70094499e+02]",9
"[1.63247815e-01 2.27689936e-01 7.55465792e-02 ... 1.63179846e+02
 1.83418111e+02 2.02439627e+02]",9
"[2.90929138e-01 5.49225813e-02 5.45136680e-02 ... 1.63261419e+02
 1.81993299e+02 1.91484678e+02]",9
"[  0.           0.           0.         ... 185.58213131 187.14460336
 175.43492436]",9
"[  0.           0.           0.         ... 186.57295487 151.59507473
 183.00052762]",9
"[3.20948665e-01 0.00000000e+00 5.01983775e-02 ... 1.88726136e+02
 1.74515092e+02 1.94341170e+02]",9
"[2.08609350e-01 1.66345415e-01 2.19491069e-01 ... 1.94057358e+02
 1.76089789e+02 1.80976423e+02]",9
"[  0.           0.           0.         ... 191.08658132 186.98557922
 200.05855296]",9
"[  0.           0.           0.         ... 164.91759902 186.00733419
 166.91092401]",9
"[  0.           0.           0.         ... 187.54106384 177.62760711
 160.24388415]",9
"[2.63749543e-01 1.43948269e-01 5.75637345e-02 ... 1.97578312e+02
 1.68210449e+02 1.95883850e+02]",9
"[2.36999109e-01 2.36999109e-01 1.28569845e-01 ... 1.98145400e+02
 2.03036087e+02 1.97717754e+02]",9
"[2.48680402e-01 1.53592836e-01 1.96824746e-01 ... 1.80220044e+02
 1.81616319e+02 2.01117294e+02]",9
"[2.27590861e-01 6.40130161e-02 1.58544978e-01 ... 1.91438998e+02
 1.89748156e+02 1.98481485e+02]",9
"[2.06236550e-01 1.66332294e-01 1.92599579e-01 ... 1.94022528e+02
 1.71565647e+02 1.87851025e+02]",9
"[  0.           0.           0.         ... 168.79641116 190.97589036
 194.57528677]",9
"[3.87272717e-01 1.14400928e-01 7.12357028e-02 ... 1.96055385e+02
 1.72227233e+02 1.96375099e+02]",9
"[  0.           0.           0.         ... 186.45539818 189.54007136
 196.09115528]",9
"[1.45529821e-01 0.00000000e+00 0.00000000e+00 ... 2.00130837e+02
 1.93425256e+02 1.57687969e+02]",9
"[4.42718802e-01 1.26153397e-01 1.56072154e-01 ... 1.64062881e+02
 1.77100383e+02 1.71817119e+02]",9
"[  0.2198612    0.20502362   0.2198612  ... 171.3281112  171.30009096
 197.40139039]",9
"[1.99512243e-01 1.07363683e-01 1.07157662e-01 ... 1.85853813e+02
 1.87721346e+02 1.74957008e+02]",9
"[2.06423439e-01 9.89208108e-02 1.07069186e-01 ... 1.87621282e+02
 1.73285082e+02 1.89416846e+02]",9
"[2.53501664e-01 1.69844281e-01 8.23585951e-02 ... 2.11038110e+02
 2.07429580e+02 1.74846864e+02]",9
"[2.27708811e-01 1.35250585e-01 2.27708811e-01 ... 1.97675573e+02
 1.92497746e+02 2.03067190e+02]",9
"[3.72815435e-01 1.51260862e-01 1.47178621e-01 ... 1.87055481e+02
 1.89422538e+02 1.83771386e+02]",9
"[2.02990120e-01 1.48703392e-01 1.99780476e-01 ... 1.64276781e+02
 1.88185766e+02 1.75713444e+02]",9
"[2.50690410e-01 5.07555172e-02 9.03736864e-02 ... 2.09271772e+02
 2.00937080e+02 1.98580906e+02]",9
